[
{
  "model": "catalog.category",
  "pk": 218,
  "fields": {
    "name": "\u041e\u0431\u0449\u0435\u0441\u0442\u0440\u043e\u0438\u0442\u0435\u043b\u044c\u043d\u044b\u0435",
    "parent": null,
    "image": "",
    "slug": "obshchestroitelnye",
    "published": true,
    "meta_description": "\u041f\u0440\u043e\u0434\u0430\u0436\u0430 \u043e\u0431\u0449\u0435\u0441\u0442\u0440\u043e\u0438\u0442\u0435\u043b\u044c\u043d\u044b\u0445 \u043c\u0430\u0442\u0435\u0440\u0438\u0430\u043b\u043e\u0432 - \u0441\u0443\u043f\u0435\u0440\u043c\u0430\u0440\u043a\u0435\u0442 \u0441\u0442\u0440\u043e\u0438\u0442\u0435\u043b\u044c\u043d\u044b\u0445 \u043c\u0430\u0442\u0435\u0440\u0438\u0430\u043b\u043e\u0432 \u00ab\u041a\u0440\u0430\u0441\u043d\u0430\u044f \u0426\u0435\u043d\u0430\u00bb. \u0422\u0435\u043b. 8(846)211-11-36",
    "meta_keywords": "\u041e\u0431\u0449\u0435\u0441\u0442\u0440\u043e\u0438\u0442\u0435\u043b\u044c\u043d\u044b\u0435 \u043c\u0430\u0442\u0435\u0440\u0438\u0430\u043b\u044b \u043a\u0443\u043f\u0438\u0442\u044c \u0432 \u0421\u0430\u043c\u0430\u0440\u0435' >",
    "seo_title": "\u041e\u0431\u0449\u0435\u0441\u0442\u0440\u043e\u0438\u0442\u0435\u043b\u044c\u043d\u044b\u0435 \u043c\u0430\u0442\u0435\u0440\u0438\u0430\u043b\u044b \u043a\u0443\u043f\u0438\u0442\u044c \u0432 \u0421\u0430\u043c\u0430\u0440\u0435",
    "seo_h1": "\u041e\u0431\u0449\u0435\u0441\u0442\u0440\u043e\u0438\u0442\u0435\u043b\u044c\u043d\u044b\u0435 \u043c\u0430\u0442\u0435\u0440\u0438\u0430\u043b\u044b \u043b\u0443\u0447\u0448\u0438\u0435 \u0446\u0435\u043d\u044b \u0432 \u0421\u0430\u043c\u0430\u0440\u0435",
    "seo_text": "<h2>\u041d\u0435 \u043f\u0440\u043e\u0441\u0442\u043e \u0442\u0430\u043a \u0440\u0430\u0437\u0434\u0435\u043b &quot;\u043e\u0431\u0449\u0435\u0441\u0442\u0440\u043e\u0438\u0442\u0435\u043b\u044c\u043d\u044b\u0435 \u043c\u0430\u0442\u0435\u0440\u0438\u0430\u043b\u044b&quot; \u0432\u043e\u0437\u0433\u043b\u0430\u0432\u043b\u044f\u0435\u0442 \u043a\u0430\u0442\u0430\u043b\u043e\u0433 \u043d\u0430\u0448\u0435\u0433\u043e \u0438\u043d\u0442\u0435\u0440\u043d\u0435\u0442 \u043c\u0430\u0433\u0430\u0437\u0438\u043d\u0430!</h2>\r\n\r\n<p>\u0415\u0441\u043b\u0438 \u0441\u0442\u0440\u043e\u0438\u0448\u044c \u0434\u043e\u043c &mdash; \u043e\u0434\u0438\u043d \u0438\u0437 \u043d\u0430\u0448\u0438\u0445 \u043b\u043e\u0437\u0443\u043d\u0433\u043e\u0432. \u041e\u0437\u043d\u0430\u0447\u0430\u0435\u0442 \u043d\u0430\u043b\u0438\u0447\u0438\u0435&nbsp;\u0441\u0430\u043c\u044b\u0445 \u043d\u0435\u043e\u0431\u0445\u043e\u0434\u0438\u043c\u044b\u0445 \u0441\u0442\u0440\u043e\u0438\u0442\u0435\u043b\u044c\u043d\u044b\u0445 \u0442\u043e\u0432\u0430\u0440\u043e\u0432 \u0438\u043c\u0435\u043d\u043d\u043e \u0434\u043b\u044f \u0432\u043e\u0437\u0432\u0435\u0434\u0435\u043d\u0438\u044f \u043a\u043e\u0440\u043e\u0431\u043a\u0438 \u043a\u043e\u0442\u0442\u0435\u0434\u0436\u0430, \u0435\u0433\u043e \u0442\u0435\u043f\u043b\u043e\u0438\u0437\u043e\u043b\u044f\u0446\u0438\u0438, \u043e\u0431\u0443\u0441\u0442\u0440\u043e\u0439\u0441\u0442\u0432\u0430&nbsp;\u043a\u0440\u043e\u0432\u043b\u0438 \u0438 \u043f\u0440\u0435\u0434\u0447\u0438\u0441\u0442\u043e\u0432\u043e\u0439 \u043e\u0442\u0434\u0435\u043b\u043a\u0438.</p>\r\n\r\n<p>\u0421\u0442\u0440\u043e\u0438\u0442\u0435\u043b\u044c\u0441\u0442\u0432\u043e \u043d\u0435 \u043d\u0430\u0447\u0438\u043d\u0430\u0435\u0442\u0441\u044f \u0441 \u0442\u0435\u043b\u0435\u0436\u043a\u0438 \u0432 \u0433\u0438\u043f\u0435\u0440\u043c\u0430\u0440\u043a\u0435\u0442\u0435 \u0442\u043e\u0432\u0430\u0440\u043e\u0432 \u0434\u043b\u044f \u0440\u0435\u043c\u043e\u043d\u0442\u0430! \u0421\u0442\u0440\u043e\u0439\u043a\u0430 \u043d\u0430\u0447\u0438\u043d\u0430\u0435\u0442\u0441\u044f \u0441 \u0433\u0440\u0443\u0437\u043e\u0432\u0438\u043a\u043e\u0432, \u043a\u043e\u0442\u043e\u0440\u044b\u0435 \u043f\u0440\u0438\u0432\u043e\u0437\u044f\u0442 \u0430\u0440\u043c\u0430\u0442\u0443\u0440\u0443, \u0449\u0435\u0431\u0435\u043d\u044c, \u043f\u0435\u0441\u043e\u043a, \u0446\u0435\u043c\u0435\u043d\u0442 \u0434\u043b\u044f \u0444\u0443\u043d\u0434\u0430\u043c\u0435\u043d\u0442\u0430, \u043f\u043e\u0442\u043e\u043c \u0433\u0430\u0437\u043e\u0431\u0435\u0442\u043e\u043d\u043d\u044b\u0435, \u043a\u0435\u0440\u0430\u043c\u0437\u0438\u0442\u043e\u0432\u044b\u0435 \u0431\u043b\u043e\u043a\u0438 \u0438\u043b\u0438 \u043a\u0435\u0440\u0430\u043c\u0438\u0447\u0435\u0441\u043a\u0438\u0435 \u0434\u043b\u044f \u0432\u043e\u0437\u0432\u0435\u0434\u0435\u043d\u0438\u044f \u0441\u0442\u0435\u043d, \u043f\u0435\u0440\u0435\u0433\u043e\u0440\u043e\u0434\u043e\u0447\u043d\u044b\u0435 \u0438&nbsp;\u0441\u0442\u0435\u043d\u043e\u0432\u044b\u0435 \u0431\u043b\u043e\u043a\u0438, \u0446\u043e\u043a\u043e\u043b\u044c\u043d\u044b\u0439 \u0438 \u043e\u0431\u043b\u0438\u0446\u043e\u0432\u043e\u0447\u043d\u044b\u0439 \u043a\u0438\u0440\u043f\u0438\u0447 \u0438 \u0442.\u0434.</p>\r\n\r\n<p>\u041f\u043e\u043a\u0443\u043f\u0430\u0442\u044c \u0441\u0435\u0440\u044c\u0451\u0437\u043d\u044b\u0435 \u0441\u0442\u0440\u043e\u0438\u0442\u0435\u043b\u044c\u043d\u044b\u0435 \u043c\u0430\u0442\u0435\u0440\u0438\u0430\u043b\u044b \u0432\u0441\u0435\u0433\u0434\u0430 \u0445\u043e\u0447\u0435\u0442\u0441\u044f \u0441 \u043c\u0430\u043a\u0441\u0438\u043c\u0430\u043b\u044c\u043d\u044b\u043c \u043a\u043e\u043c\u0444\u043e\u0440\u0442\u043e\u043c \u0438 \u0436\u0435\u043b\u0430\u0442\u0435\u043b\u044c\u043d\u043e \u043f\u043e \u043d\u0438\u0437\u043a\u043e\u0439 \u0446\u0435\u043d\u0435. \u041a\u0443\u043f\u0438\u0442\u044c \u043a\u0438\u0440\u043f\u0438\u0447, \u043f\u0435\u0440\u0435\u0433\u043e\u0440\u043e\u0434\u043e\u0447\u043d\u044b\u0435 \u0431\u043b\u043e\u043a\u0438, \u0441\u0435\u0442\u043a\u0443 \u043a\u043b\u0430\u0434\u043e\u0447\u043d\u0443\u044e, \u0430\u0440\u043c\u0430\u0442\u0443\u0440\u0443 \u0438 \u043e\u0441\u0442\u0430\u043b\u044c\u043d\u044b\u0435 \u0442\u044f\u0436\u0451\u043b\u044b\u0435 \u043e\u0431\u0449\u0435\u0441\u0442\u0440\u043e\u0438\u0442\u0435\u043b\u044c\u043d\u044b\u0435 \u0442\u043e\u0432\u0430\u0440\u044b \u043b\u0435\u0433\u043a\u043e \u043c\u043e\u0436\u043d\u043e \u0432 \u043d\u0430\u0448\u0435\u043c \u0438\u043d\u0442\u0435\u0440\u043d\u0435\u0442 \u043c\u0430\u0433\u0430\u0437\u0438\u043d\u0435 \u041a\u0440\u0430\u0441\u043d\u0430\u044f\u0446\u0435\u043d\u0430.\u0440\u0444. \u0412\u0430\u043c \u043f\u0440\u0438\u0432\u0435\u0437\u0443\u0442 \u043d\u0430\u0440\u0435\u0437\u0430\u043d\u043d\u044b\u0439 \u043f\u043e \u0432\u0430\u0448\u0438\u043c \u0440\u0430\u0437\u043c\u0435\u0440\u0430\u043c \u0442\u043e\u0432\u0430\u0440 \u0441\u043f\u0435\u0446-\u0434\u043e\u0441\u0442\u0430\u0432\u043a\u043e\u0439 \u043f\u043e \u0441\u0430\u043c\u044b\u043c \u0432\u044b\u0433\u043e\u0434\u043d\u044b\u043c \u0446\u0435\u043d\u0430\u043c \u043d\u0430 \u0440\u044b\u043d\u043a\u0435, \u043f\u0440\u0438 \u044d\u0442\u043e\u043c \u0434\u043e\u0441\u0442\u0443\u043f\u043d\u044b \u0432\u0441\u0435 \u0432\u0438\u0434\u044b \u043e\u043f\u043b\u0430\u0442. \u0425\u043e\u0442\u0438\u0442\u0435 \u043e\u043f\u043b\u0430\u0442\u0438\u0442\u044c \u043f\u043e\u0441\u0442\u0430\u0432\u043a\u0443 \u0446\u043e\u043a\u043e\u043b\u044c\u043d\u043e\u0433\u043e \u043a\u0438\u0440\u043f\u0438\u0447\u0430&nbsp;\u043a\u0430\u0440\u0442\u043e\u0439 \u043f\u0440\u0438 \u043f\u043e\u043b\u0443\u0447\u0435\u043d\u0438\u0438? \u041f\u043e\u0436\u0430\u043b\u0443\u0439\u0441\u0442\u0430! \u041a\u0435\u0440\u0430\u043c\u0437\u0438\u0442 \u0432 \u043c\u0435\u0448\u043a\u0430\u0445, \u0446\u0435\u043c\u0435\u043d\u0442, \u0449\u0435\u0431\u0435\u043d\u044c, \u043f\u0435\u0441\u043e\u043a, \u043a\u043b\u0430\u0434\u043e\u0447\u043d\u0443\u044e \u0441\u0435\u0442\u043a\u0443 \u043f\u043e\u043a\u0443\u043f\u0430\u0435\u0442\u0435&nbsp;\u0432 \u043d\u0430\u0448\u0435\u043c \u043c\u0430\u0433\u0430\u0437\u0438\u043d\u0435? \u041d\u0435 \u0432\u043e\u043f\u0440\u043e\u0441, \u043c\u044b \u0432\u044b\u0441\u0442\u0430\u0432\u0438\u043c \u0441\u0447\u0451\u0442!</p>\r\n\r\n<p>\u0427\u0442\u043e \u043a\u0430\u0441\u0430\u0435\u0442\u0441\u044f \u0449\u0435\u0431\u043d\u044f, \u043a\u0435\u0440\u0430\u043c\u0437\u0438\u0442\u0430 \u0438 \u043f\u0435\u0441\u043a\u0430. \u0414\u043e\u0441\u0442\u0443\u043f\u043d\u044b \u0432\u0430\u0440\u0438\u0430\u043d\u0442\u044b \u0432 \u0444\u0430\u0441\u043e\u0432\u0430\u043d\u043d\u043e\u043c \u0432\u0438\u0434\u0435 \u0438 \u0432\u0430\u043b\u043e\u043c \u0441 \u0440\u0430\u0441\u0447\u0451\u0442\u043e\u043c \u0437\u0430 \u0442\u043e\u043d\u043d\u0443 \u0431\u0435\u0437 \u0434\u043e\u0441\u0442\u0430\u0432\u043a\u0438 (\u0434\u043e\u0441\u0442\u0430\u0432\u043a\u0430 \u0441\u0447\u0438\u0442\u0430\u0435\u0442\u0441\u044f \u043e\u0442\u0434\u0435\u043b\u044c\u043d\u043e). \u0426\u0435\u043d\u0430 \u043d\u0430 \u043a\u0435\u0440\u0430\u043c\u0437\u0438\u0442, \u0449\u0435\u0431\u0435\u043d\u044c \u0438 \u0440\u0435\u0447\u043d\u043e\u0439 \u043f\u0435\u0441\u043e\u043a \u0432 \u043b\u044e\u0431\u043e\u043c \u0441\u043b\u0443\u0447\u0430\u0435 \u0431\u0443\u0434\u0435\u0442 \u043d\u0438\u0437\u043a\u043e\u0439, \u043f\u043e\u0441\u043a\u043e\u043b\u044c\u043a\u0443 \u043c\u044b \u0438\u0437\u0443\u0447\u0430\u0435\u043c \u043f\u0440\u0435\u0434\u043b\u043e\u0436\u0435\u043d\u0438\u044f \u0440\u044b\u043d\u043a\u043e\u0432 \u0438 \u0434\u0440\u0443\u0433\u0438\u0445 \u043e\u0440\u0433\u0430\u043d\u0438\u0437\u0430\u0446\u0438\u0439. \u041d\u043e \u043c\u044b \u043d\u0435 \u0432 \u0441\u0438\u043b\u0430\u0445 \u0432\u0430\u043c \u043f\u043e\u043c\u043e\u0447\u044c \u0435\u0441\u043b\u0438 \u0432\u044b \u0441\u0440\u0430\u0432\u043d\u0438\u0432\u0430\u0435\u0442\u0435 \u043d\u0435 \u043f\u0440\u0430\u0432\u0438\u043b\u044c\u043d\u043e. \u041d\u0430\u043f\u0440\u0438\u043c\u0435\u0440, \u043f\u0435\u0440\u0435\u0441\u0447\u0438\u0442\u044b\u0432\u0430\u0435\u0442\u0435 \u0446\u0435\u043d\u0443 \u0437\u0430 \u0442\u043e\u043d\u043d\u0443 \u0438 \u0444\u0430\u0441\u043e\u0432\u0430\u043d\u043d\u044b\u0439 \u0442\u043e\u0432\u0430\u0440 \u0438\u043b\u0438 \u0441\u0440\u0430\u0432\u043d\u0438\u0432\u0430\u0435\u0442\u0435 \u043f\u0440\u0435\u0434\u043b\u043e\u0436\u0435\u043d\u0438\u0435 \u043a\u043e\u043d\u043a\u0443\u0440\u0435\u043d\u0442\u043d\u043e\u0433\u043e \u043d\u0430\u043c \u043c\u0430\u0433\u0430\u0437\u0438\u043d\u0430 \u0441 \u043d\u0435\u0434\u043e\u0431\u0440\u043e\u0441\u043e\u0432\u0435\u0441\u0442\u043d\u043e\u0439 \u0444\u0430\u0441\u043e\u0432\u043a\u043e\u0439 \u0438\u043b\u0438 \u043d\u0435\u0434\u043e\u0441\u044b\u043f\u043e\u043c.</p>\r\n\r\n<p>\u041d\u0443\u0436\u043d\u0430 \u043a\u043e\u043d\u0441\u0443\u043b\u044c\u0442\u0430\u0446\u0438\u044f \u043f\u043e \u0444\u0443\u043d\u0434\u0430\u043c\u0435\u043d\u0442\u043d\u044b\u043c \u0440\u0430\u0431\u043e\u0442\u0430\u043c? \u0425\u043e\u0442\u0438\u0442\u0435 \u0441 \u043f\u043e\u043c\u043e\u0449\u044c\u044e \u043d\u0430\u0448\u0438\u0445 \u0441\u043f\u0435\u0446\u0438\u0430\u043b\u0438\u0441\u0442\u043e\u0432 \u043f\u0435\u0440\u0435\u043f\u0440\u043e\u0432\u0435\u0440\u0438\u0442\u044c \u0441\u043c\u0435\u0442\u0443? \u041c\u044b \u0440\u0430\u0434\u044b \u043f\u043e\u043c\u043e\u0447\u044c!</p>\r\n\r\n<p>\u041f\u043e\u043c\u0438\u043c\u043e \u0441\u0442\u0440\u043e\u0438\u0442\u0435\u043b\u044c\u043d\u044b\u0445 \u043c\u0430\u0442\u0435\u0440\u0438\u0430\u043b\u043e\u0432 \u0434\u043b\u044f \u0447\u0435\u0440\u043d\u043e\u0432\u043e\u0433\u043e \u0432\u043e\u0437\u0432\u0435\u0434\u0435\u043d\u0438\u044f \u043a\u043e\u0440\u043e\u0431\u043a\u0438 \u043a\u043e\u0442\u0442\u0435\u0434\u0436\u0430 \u0432 \u0440\u0430\u0437\u0434\u0435\u043b\u0435 &quot;\u043e\u0431\u0449\u0435\u0441\u0442\u0440\u043e\u0438\u0442\u0435\u043b\u044c\u043d\u044b\u0435 \u043c\u0430\u0442\u0435\u0440\u0438\u0430\u043b\u044b&quot; \u043f\u0440\u0435\u0434\u0441\u0442\u0430\u0432\u043b\u0435\u043d\u044b \u043d\u0435\u0441\u043a\u043e\u043b\u044c\u043a\u043e \u0442\u043e\u0432\u0430\u0440\u043e\u0432 \u0434\u043b\u044f \u0431\u043b\u0430\u0433\u043e\u0443\u0441\u0442\u0440\u043e\u0439\u0441\u0442\u0432\u0430 \u0442\u0435\u0440\u0440\u0438\u0442\u043e\u0440\u0438\u0438. \u041c\u044b \u0432\u043a\u043b\u044e\u0447\u0438\u043b\u0438 \u0438\u0445 \u0432 \u0440\u0430\u0437\u0434\u0435\u043b \u043f\u043e\u0441\u043a\u043e\u043b\u044c\u043a\u0443 \u0437\u0430\u043c\u0435\u0442\u0438\u043b\u0438 \u0437\u0430\u043a\u043e\u043d\u043e\u043c\u0435\u0440\u043d\u043e\u0441\u0442\u044c \u0441\u043e\u0432\u043c\u0435\u0441\u0442\u043d\u044b\u0445 \u0437\u0430\u043a\u0430\u0437\u043e\u0432 \u0431\u043e\u043b\u044c\u0448\u0435\u0433\u0440\u0443\u0437\u043d\u044b\u043c \u0442\u0440\u0430\u043d\u0441\u043f\u043e\u0440\u0442\u043e\u043c. \u041d\u0430\u043f\u0440\u0438\u043c\u0435\u0440, \u0447\u0430\u0441\u0442\u043e \u043a\u043b\u0438\u0435\u043d\u0442\u044b \u0437\u0430\u043a\u0430\u0437\u044b\u0432\u0430\u044e\u0442 \u0434\u043e\u0441\u0442\u0430\u0432\u043a\u0443 \u0442\u0440\u0451\u0445 \u043f\u043e\u0434\u0434\u043e\u043d\u043e\u0432 \u043a\u0438\u0440\u043f\u0438\u0447\u0430 \u0438 \u0442\u0440\u043e\u0442\u0443\u0430\u0440\u043d\u0443\u044e \u043f\u043b\u0438\u0442\u043a\u0443 \u0434\u043b\u044f \u0432\u043e\u0437\u0432\u0435\u0434\u0435\u043d\u0438\u044f \u043a\u043b\u0443\u043c\u0431 \u0438\u043b\u0438 \u043c\u0430\u043b\u044b\u0445 \u0430\u0440\u0445\u0438\u0442\u0435\u043a\u0442\u0443\u0440\u043d\u044b\u0445 \u0441\u043e\u043e\u0440\u0443\u0436\u0435\u043d\u0438\u0439.</p>\r\n\r\n<p>\u041f\u043e\u043f\u0443\u043b\u044f\u0440\u043d\u044b\u0435 \u043e\u0431\u0440\u0430\u0437\u0446\u044b \u0442\u0440\u043e\u0442\u0443\u0430\u0440\u043d\u043e\u0439 \u043f\u043b\u0438\u0442\u043a\u0438 \u043f\u043e \u043d\u0438\u0437\u043a\u043e\u0439 \u0446\u0435\u043d\u0435 \u0441 \u043d\u043e\u0432\u043e\u0439 \u0442\u0435\u0445\u043d\u043e\u043b\u043e\u0433\u0438\u0435\u0439 \u0443\u0434\u0435\u0440\u0436\u0430\u043d\u0438\u044f \u043f\u0438\u0433\u043c\u0435\u043d\u0442\u0430 \u0443\u0436\u0435 \u0434\u043e\u0441\u0442\u0443\u043f\u043d\u044b&nbsp;\u0434\u043b\u044f \u0437\u0430\u043a\u0430\u0437\u0430. \u0412\u044b\u0431\u0438\u0440\u0430\u0439\u0442\u0435 \u0443\u0436\u0435 \u043f\u0440\u0438\u0432\u044b\u0447\u043d\u044b\u0435 \u0440\u0438\u0441\u0443\u043d\u043a\u0438 \u0442\u0440\u043e\u0442\u0443\u0430\u0440\u043d\u043e\u0439 \u043f\u043b\u0438\u0442\u043a\u0438 \u0438\u043b\u0438 \u0440\u0430\u0441\u0441\u043c\u043e\u0442\u0440\u0438\u0442\u0435 \u043d\u043e\u0432\u044b\u0435 \u0432\u0430\u0440\u0438\u0430\u043d\u0442\u044b \u043d\u0435 \u0432\u0441\u0442\u0430\u0432\u0430\u044f \u0441 \u043a\u0440\u0435\u0441\u043b\u0430.</p>\r\n\r\n<p>\u0422\u0430\u043a\u0436\u0435, \u043d\u0435\u043e\u0442\u044a\u0435\u043c\u043b\u0435\u043c\u043e\u0439 \u0447\u0430\u0441\u0442\u044c\u044e \u043d\u0430\u0447\u0430\u043b\u0430 \u0441\u0442\u0440\u043e\u0438\u0442\u0435\u043b\u044c\u0441\u0442\u0432\u0430 \u044f\u0432\u043b\u044f\u0435\u0442\u0441\u044f \u043e\u0433\u0440\u0430\u0436\u0434\u0435\u043d\u0438\u044f \u0443\u0447\u0430\u0441\u0442\u043a\u0430. \u0414\u043b\u044f \u0432\u043e\u0437\u0432\u0435\u0434\u0435\u043d\u0438\u044f \u0437\u0430\u0431\u043e\u0440\u0430 \u0432 \u0434\u0430\u043d\u043d\u043e\u0439 \u043a\u0430\u0442\u0435\u0433\u043e\u0440\u0438\u0438 \u0435\u0441\u0442\u044c \u0432\u0441\u0451, \u043a\u0440\u043e\u043c\u0435 \u043f\u0440\u043e\u0444\u043b\u0438\u0441\u0442\u0430. \u0415\u0433\u043e \u0432\u044b \u0441\u043c\u043e\u0436\u0435\u0442\u0435 \u0432\u044b\u0431\u0440\u0430\u0442\u044c \u0432 \u0440\u0430\u0437\u0434\u0435\u043b\u0435 &quot;\u043a\u0440\u043e\u0432\u043b\u044f&quot; \u0440\u044f\u0434\u043e\u043c \u0441 \u043c\u0435\u0442\u0430\u043b\u043b\u043e\u0447\u0435\u0440\u0435\u043f\u0438\u0446\u0435\u0439, \u0440\u044f\u0434\u043e\u043c \u043c\u0435\u0442\u0430\u043b\u043b\u043e\u043f\u0440\u043e\u043a\u0430\u0442,</p>\r\n\r\n<p>\u043f\u0440\u043e\u0444\u0438\u043b\u044c\u043d\u0430\u044f \u0442\u0440\u0443\u0431\u0430 \u0434\u043b\u044f \u0441\u0442\u043e\u043b\u0431\u043e\u0432 \u0437\u0430\u0431\u043e\u0440\u0430 60\u044560, \u043f\u0440\u043e\u0436\u0438\u043b\u0438\u043d\u044b 20\u044540, \u0443\u0433\u043e\u043b\u043e\u043a \u043c\u0435\u0442\u0430\u043b\u043b\u0438\u0447\u0435\u0441\u043a\u0438\u0439,&nbsp;\u0431\u0443\u0440\u043e\u0432\u044b\u0435 \u0448\u0442\u0430\u043d\u0433\u0438 78\u043c\u043c&nbsp;\u0441 \u0442\u043e\u043b\u0441\u0442\u043e\u0439 \u0441\u0442\u0435\u043d\u043a\u043e\u0439, \u043a\u043e\u0442\u043e\u0440\u044b\u0435 \u0447\u0430\u0441\u0442\u043e \u0438\u0441\u043f\u043e\u043b\u044c\u0437\u0443\u044e\u0442 \u0434\u043b\u044f \u0441\u0442\u043e\u043b\u0431\u043e\u0432 \u043e\u0433\u0440\u0430\u0436\u0434\u0435\u043d\u0438\u0439.</p>\r\n\r\n<p>&nbsp;</p>\r\n\r\n<p>&nbsp;</p>",
    "icon": "categories/images/icons/6149501dae3d479ab783b450a583aaa7.svg",
    "updated": "2019-08-21T10:28:37.205Z",
    "lft": 1,
    "rght": 6,
    "tree_id": 1,
    "level": 0
  }
},
{
  "model": "catalog.category",
  "pk": 242,
  "fields": {
    "name": "\u041a\u0435\u0440\u0430\u043c\u0437\u0438\u0442\u043e\u0432\u044b\u0435 \u0431\u043b\u043e\u043a\u0438",
    "parent": 218,
    "image": "categories/images/b849ac82021c451d80ac0703edfe6dd4.png",
    "slug": "keramzitovye-bloki",
    "published": true,
    "meta_description": "\u041f\u0440\u043e\u0434\u0430\u0436\u0430 \u0441\u0442\u0440\u043e\u0438\u0442\u0435\u043b\u044c\u043d\u044b\u0445 \u043c\u0430\u0442\u0435\u0440\u0438\u0430\u043b\u043e\u0432 \u0432 \u0421\u0430\u043c\u0430\u0440\u0435 8(846)211-11-36",
    "meta_keywords": "",
    "seo_title": null,
    "seo_h1": null,
    "seo_text": "<h2>\u041f\u0440\u043e\u0434\u0430\u0436\u0430 \u043a\u0435\u0440\u0430\u043c\u0437\u0438\u0442\u043e\u0431\u0435\u0442\u043e\u043d\u043d\u044b\u0445 \u0431\u043b\u043e\u043a\u043e\u0432 \u043f\u043e \u0432\u044b\u0433\u043e\u0434\u043d\u043e\u0439 \u0446\u0435\u043d\u0435</h2>\r\n\r\n<p>\u0411\u043b\u043e\u043a\u0438 \u043f\u043e\u0441\u0442\u0430\u0432\u043b\u044f\u044e\u0442\u0441\u044f \u043d\u0430\u043f\u0440\u044f\u043c\u0443\u044e \u043e\u0442 \u043f\u0440\u043e\u0438\u0437\u0432\u043e\u0434\u0438\u0442\u0435\u043b\u0435\u0439 \u0441 \u0441\u043e\u0431\u043b\u044e\u0434\u0435\u043d\u0438\u0435\u043c \u0413\u041e\u0421\u0422, \u0441\u0430\u043c \u043c\u0430\u0442\u0435\u0440\u0438\u0430\u043b&nbsp;&nbsp;\u0438\u0437\u0433\u043e\u0442\u0430\u0432\u043b\u0438\u0432\u0430\u0435\u0442\u0441\u044f \u0431\u0435\u0437 \u0434\u043e\u0431\u0430\u0432\u043b\u0435\u043d\u0438\u044f \u043f\u0440\u0438\u043c\u0435\u0441\u0435\u0439.</p>\r\n\r\n<p>\u0425\u043e\u0442\u0438\u0442\u0435 \u043a\u0430\u0447\u0435\u0441\u0442\u0432\u0435\u043d\u043d\u044b\u0439 \u043a\u0435\u0440\u0430\u043c\u0437\u0438\u0442\u043e\u0431\u0435\u0442\u043e\u043d\u043d\u044b\u0439 \u0431\u043b\u043e\u043a, \u0442\u043e\u0433\u0434\u0430 \u0432\u044b \u0437\u0430\u0448\u043b\u0438 \u043d\u0430 \u043f\u0440\u0430\u0432\u0438\u043b\u044c\u043d\u044b\u0439 \u0441\u0430\u0439\u0442 \u0438 \u043e\u0431\u0440\u0430\u0442\u0438\u043b\u0438\u0441\u044c \u0432 \u043f\u0440\u043e\u0432\u0435\u0440\u0435\u043d\u043d\u0443\u044e \u043a\u043e\u043c\u043f\u0430\u043d\u0438\u044e!</p>\r\n\r\n<p><strong>\u041f\u043e\u0433\u043e\u0432\u043e\u0440\u0438\u043c \u043e \u043a\u0435\u0440\u0430\u043c\u0437\u0438\u0442\u043e\u0431\u0435\u0442\u043e\u043d\u043d\u043e\u043c \u0431\u043b\u043e\u043a\u0435. \u0427\u0442\u043e \u044d\u0442\u043e?</strong></p>\r\n\r\n<p>\u041a\u0435\u0440\u0430\u043c\u0437\u0438\u0442\u043e\u0431\u0435\u0442\u043e\u043d \u044d\u0442\u043e \u0443\u043d\u0438\u0432\u0435\u0440\u0441\u0430\u043b\u044c\u043d\u044b\u0439 \u043c\u0430\u0442\u0435\u0440\u0438\u0430\u043b \u0438 \u0440\u0430\u0441\u043f\u0440\u043e\u0441\u0442\u0440\u0430\u043d\u0435\u043d \u0432 \u0441\u0442\u0440\u043e\u0438\u0442\u0435\u043b\u044c\u0441\u0442\u0432\u0435 \u0431\u043b\u0430\u0433\u043e\u0434\u0430\u0440\u044f \u0441\u0432\u043e\u0438\u043c \u0441\u0432\u043e\u0439\u0441\u0442\u0432\u0430 \u0438 \u0434\u043e\u0441\u0442\u0443\u043f\u043d\u043e\u0439 \u0446\u0435\u043d\u0435. \u041c\u0430\u0442\u0435\u0440\u0438\u0430\u043b \u043e\u0431\u043b\u0430\u0434\u0430\u0435\u0442 \u043b\u0435\u0433\u043a\u043e\u0441\u0442\u044c\u044e \u0438 \u0434\u043e\u0441\u0442\u0430\u0442\u043e\u0447\u043d\u043e \u0432\u044b\u0441\u043e\u043a\u043e\u0439 \u043f\u0440\u043e\u0447\u043d\u043e\u0441\u0442\u044c\u044e.</p>\r\n\r\n<p>\u0411\u043b\u0430\u0433\u043e\u0434\u0430\u0440\u044f \u0440\u0430\u0437\u043d\u044b\u043c \u0440\u0430\u0437\u043c\u0435\u0440\u0430\u043c \u0431\u043b\u043e\u043a\u043e\u0432, \u0441\u0430\u043c \u043f\u0440\u043e\u0446\u0435\u0441\u0441 \u0441\u0442\u0440\u043e\u0438\u0442\u0435\u043b\u044c\u0441\u0442\u0432\u0430 \u0437\u043d\u0430\u0447\u0438\u0442\u0435\u043b\u044c\u043d\u043e \u043e\u0431\u043b\u0435\u0433\u0447\u0430\u0435\u0442\u0441\u044f, \u0432\u0435\u0434\u044c \u0442\u0430\u043a\u043e\u0439 \u0431\u043b\u043e\u043a \u0437\u0430\u043c\u0435\u043d\u044f\u0435\u0442 \u043d\u0435\u0441\u043a\u043e\u043b\u044c\u043a\u043e \u0440\u044f\u0434\u043e\u0432&nbsp;\u043a\u0438\u0440\u043f\u0438\u0447\u043d\u043e\u0439 \u043a\u043b\u0430\u0434\u043a\u0438. \u0412 \u0434\u0430\u043d\u043d\u043e\u043c \u0441\u043b\u0443\u0447\u0430\u0435 \u0441\u0442\u043e\u0438\u043c\u043e\u0441\u0442\u044c \u0435\u0434\u0438\u043d\u0438\u0446\u044b \u043d\u0430\u043f\u0440\u044f\u043c\u0443\u044e&nbsp;\u0437\u0430\u0432\u0438\u0441\u0438\u0442 \u043e\u0442 \u0440\u0430\u0437\u043c\u0435\u0440\u0430 \u0438 \u0435\u0433\u043e \u043a\u043e\u043d\u0441\u0442\u0440\u0443\u043a\u0446\u0438\u0438.</p>\r\n\r\n<p>\u042d\u0442\u0438\u043c\u0438 \u0436\u0435 \u043f\u0430\u0440\u0430\u043c\u0435\u0442\u0440\u0430\u043c\u0438 \u043e\u043f\u0440\u0435\u0434\u0435\u043b\u044f\u0435\u0442\u0441\u044f \u0438 \u043e\u0431\u043b\u0430\u0441\u0442\u044c \u043f\u0440\u0438\u043c\u0435\u043d\u0435\u043d\u0438\u044f. \u0422\u043e \u0435\u0441\u0442\u044c \u043e\u0434\u043d\u0438 \u0431\u043b\u043e\u043a\u0438 \u043b\u0443\u0447\u0448\u0435 \u0438\u0441\u043f\u043e\u043b\u044c\u0437\u043e\u0432\u0430\u0442\u044c \u043f\u0440\u0438 \u0441\u0442\u0440\u043e\u0438\u0442\u0435\u043b\u044c\u0441\u0442\u0432\u0435 \u0436\u0438\u043b\u044b\u0445 \u0434\u043e\u043c\u043e\u0432, \u0430 \u0434\u0440\u0443\u0433\u0438\u0435 \u043f\u0440\u0438 \u0441\u0442\u0440\u043e\u0438\u0442\u0435\u043b\u044c\u0441\u0442\u0432\u0435 \u043f\u0440\u043e\u0438\u0437\u0432\u043e\u0434\u0441\u0442\u0432\u0435\u043d\u043d\u044b\u0445 \u043f\u043e\u043c\u0435\u0449\u0435\u043d\u0438\u0439.</p>\r\n\r\n<p>\u0421\u0442\u043e\u0438\u0442 \u043e\u0442\u043c\u0435\u0442\u0438\u0442\u044c, \u0447\u0442\u043e \u0434\u0430\u043d\u043d\u044b\u0439 \u043c\u0430\u0442\u0435\u0440\u0438\u0430\u043b&nbsp;\u043e\u0431\u043b\u0430\u0434\u0430\u0435\u0442 \u0445\u043e\u0440\u043e\u0448\u0435\u0439&nbsp;\u0442\u0435\u043f\u043b\u043e\u0438\u0437\u043e\u043b\u044f\u0446\u0438\u0435\u0439. \u0412\u0430\u0448 \u0434\u043e\u043c \u0431\u0443\u0434\u0435\u0442 \u0442\u0435\u043f\u043b\u044b\u0439. \u0424\u0430\u043a\u0442\u043e\u0440 \u0441\u043e\u0445\u0440\u0430\u043d\u0435\u043d\u0438\u044f \u0442\u0435\u043f\u043b\u0430 \u043d\u0430\u043f\u0440\u044f\u043c\u0443\u044e \u0437\u0430\u0432\u0438\u0441\u0438\u0442 \u043e\u0442 \u043d\u0430\u043f\u043e\u043b\u043d\u0435\u043d\u0438\u044f \u0431\u043b\u043e\u043a\u0430 \u043a\u0435\u0440\u0430\u043c\u0437\u0438\u0442\u043e\u043c, \u043f\u043e\u044d\u0442\u043e\u043c\u0443 \u0442\u0430\u043a \u0432\u0430\u0436\u0435\u043d \u0413\u041e\u0421\u0422.</p>\r\n\r\n<p><strong>\u0411\u044b\u0432\u0430\u044e\u0442:</strong></p>\r\n\r\n<p>\u0421\u0442\u0435\u043d\u043e\u0432\u044b\u0435. \u0414\u043b\u044f \u0441\u043e\u0437\u0434\u0430\u043d\u0438\u044f \u043d\u0435\u0441\u0443\u0449\u0438\u0445 \u0441\u0442\u0435\u043d \u043d\u0430\u0440\u0443\u0436\u043d\u043e\u0433\u043e \u0442\u0438\u043f\u0430;</p>\r\n\r\n<p>\u041f\u0435\u0440\u0435\u0433\u043e\u0440\u043e\u0434\u043e\u0447\u043d\u044b\u0435. \u0414\u043b\u044f \u043c\u0435\u0436\u043a\u043e\u043c\u043d\u0430\u0442\u043d\u044b\u0445 \u0441\u0442\u0435\u043d.</p>\r\n\r\n<p>\u041f\u043e\u043b\u043d\u043e\u0442\u0435\u043b\u044b\u0435. \u0421\u043e\u0437\u0434\u0430\u043d\u0438\u0435&nbsp;\u043a\u043e\u043d\u0441\u0442\u0440\u0443\u043a\u0446\u0438\u0439 \u043d\u0435\u0441\u0443\u0449\u0435\u0433\u043e \u0442\u0438\u043f\u0430. \u0414\u043e\u0440\u043e\u0433\u0438\u0435.</p>\r\n\r\n<p>\u041f\u0443\u0441\u0442\u043e\u0442\u0435\u043b\u044b\u0435. \u0417\u0432\u0443\u043a\u043e\u0438\u0437\u043e\u043b\u044f\u0446\u0438\u044f&nbsp;\u0438 \u043a\u0430\u043a \u0442\u0435\u043f\u043b\u043e\u043f\u0440\u043e\u0432\u043e\u0434\u043d\u0438\u043a. \u041d\u0435\u0434\u043e\u0440\u043e\u0433\u0438\u0435.</p>\r\n\r\n<p><strong>\u0421\u043e\u0441\u0442\u0430\u0432:</strong> \u0446\u0435\u043c\u0435\u043d\u0442, \u043f\u0435\u0441\u043e\u043a, \u0432\u043e\u0434\u0430, \u043a\u0435\u0440\u0430\u043c\u0437\u0438\u0442.</p>\r\n\r\n<p>\u0412\u0441\u044f \u043d\u0430\u0448\u0430 \u043f\u0440\u043e\u0434\u0443\u043a\u0446\u0438\u044f \u043e\u0442\u0432\u0435\u0447\u0430\u0435\u0442 \u0442\u0440\u0435\u0431\u043e\u0432\u0430\u043d\u0438\u044f\u043c \u0413\u041e\u0421\u0422. \u041a\u0432\u0430\u043b\u0438\u0444\u0438\u0446\u0438\u0440\u043e\u0432\u0430\u043d\u043d\u044b\u0435 \u043c\u0435\u043d\u0435\u0434\u0436\u0435\u0440\u044b-\u043a\u043e\u043d\u0441\u0443\u043b\u044c\u0442\u0430\u043d\u0442\u044b \u0432\u0441\u0435\u0433\u0434\u0430 \u0433\u043e\u0442\u043e\u0432\u044b \u0434\u0430\u0442\u044c \u0441\u043e\u0432\u0435\u0442 \u043f\u043e \u0432\u044b\u0431\u043e\u0440\u0443 \u043d\u0443\u0436\u043d\u043e\u0433\u043e \u043c\u0430\u0442\u0435\u0440\u0438\u0430\u043b\u0430.</p>\r\n\r\n<p>\u0422\u0430\u043a\u0436\u0435 \u0432 \u0438\u043d\u0442\u0435\u0440\u043d\u0435\u0442-\u043c\u0430\u0433\u0430\u0437\u0438\u043d\u0435 \u041a\u0440\u0430\u0441\u043d\u0430\u044f \u0426\u0435\u043d\u0430.\u0440\u0444 \u043c\u043e\u0436\u043d\u043e \u043d\u0430\u0439\u0442\u0438 \u0438\u0441\u0447\u0435\u0440\u043f\u044b\u0432\u0430\u044e\u0449\u0443\u044e \u0438\u043d\u0444\u043e\u0440\u043c\u0430\u0446\u0438\u044e \u043e \u0441\u0432\u043e\u0439\u0441\u0442\u0432\u0430\u0445 \u043a\u0430\u0436\u0434\u043e\u0439 \u0442\u043e\u0432\u0430\u0440\u043d\u043e\u0439 \u043f\u043e\u0437\u0438\u0446\u0438\u0438.</p>",
    "icon": "",
    "updated": "2019-08-29T08:55:29.099Z",
    "lft": 2,
    "rght": 3,
    "tree_id": 1,
    "level": 1
  }
},
{
  "model": "catalog.category",
  "pk": 243,
  "fields": {
    "name": "\u041a\u0438\u0440\u043f\u0438\u0447",
    "parent": 218,
    "image": "categories/images/59575a23d8ba41a683e6652a19c524ed.png",
    "slug": "kirpich",
    "published": true,
    "meta_description": "\u041f\u0440\u043e\u0434\u0430\u0436\u0430 \u0446\u043e\u043a\u043e\u043b\u044c\u043d\u043e\u0433\u043e \u043e\u0431\u043b\u0438\u0446\u043e\u0432\u043e\u0447\u043d\u043e\u0433\u043e \u043a\u0438\u0440\u043f\u0438\u0447\u0430 \u043f\u043e \u043d\u0438\u0437\u043a\u043e\u0439 \u0441\u0442\u043e\u0438\u043c\u043e\u0441\u0442\u0438 - \u0441\u0443\u043f\u0435\u0440\u043c\u0430\u0440\u043a\u0435\u0442 \u0441\u0442\u0440\u043e\u0438\u0442\u0435\u043b\u044c\u043d\u044b\u0445 \u043c\u0430\u0442\u0435\u0440\u0438\u0430\u043b\u043e\u0432 \u00ab\u041a\u0440\u0430\u0441\u043d\u0430\u044f \u0426\u0435\u043d\u0430\u00bb. \u0422\u0435\u043b.: 8(846)211-11-36",
    "meta_keywords": "\u043a\u0438\u0440\u043f\u0438\u0447 \u0446\u043e\u043a\u043e\u043b\u044c\u043d\u044b\u0439, \u043a\u0438\u0440\u043f\u0438\u0447 \u0446\u043e\u043a\u043e\u043b\u044c\u043d\u044b\u0439 \u0446\u0435\u043d\u0430, \u043a\u0438\u0440\u043f\u0438\u0447 \u043e\u0431\u043b\u0438\u0446\u043e\u0432\u043e\u0447\u043d\u044b\u0439 \u0446\u0435\u043d\u0430, \u043a\u0438\u0440\u043f\u0438\u0447 \u043e\u0431\u043b\u0438\u0446\u043e\u0432\u043e\u0447\u043d\u044b\u0439, \u043a\u0438\u0440\u043f\u0438\u0447, \u043a\u0438\u0440\u043f\u0438\u0447 \u0432 \u0441\u0430\u043c\u0430\u0440\u0435, \u043a\u0438\u0440\u043f\u0438\u0447 \u0432 \u0441\u0430\u043c\u0430\u0440\u0435 \u0446\u0435\u043d\u0430, \u043a\u0438\u0440\u043f\u0438\u0447 \u043a\u0443\u043f\u0438\u0442\u044c, \u043a\u0438\u0440\u043f\u0438\u0447 \u043a\u0443\u043f\u0438\u0442\u044c \u0441\u0430\u043c\u0430\u0440\u0430, \u043a\u0435\u0440\u0430\u043c\u0438\u0447\u0435\u0441\u043a\u0438\u0439 \u043a\u0438\u0440\u043f\u0438\u0447, \u043a\u0438\u0440\u043f\u0438\u0447 \u043f\u0435\u0447\u043d\u043e\u0439, \u043a\u0438\u0440\u043f\u0438\u0447 \u043f\u043e\u043b\u043d\u043e\u0442\u0435\u043b\u044b\u0439, \u043a\u0438\u0440\u043f\u0438\u0447 \u0440\u044f\u0434\u043e\u0432\u043e\u0439",
    "seo_title": "\u041a\u0438\u0440\u043f\u0438\u0447 \u0446\u043e\u043a\u043e\u043b\u044c\u043d\u044b\u0439 \u043e\u0431\u043b\u0438\u0446\u043e\u0432\u043e\u0447\u043d\u044b\u0439, \u0446\u0435\u043d\u0430 \u0437\u0430 \u0448\u0442\u0443\u043a\u0443 - \u043a\u0443\u043f\u0438\u0442\u044c \u043a\u0438\u0440\u043f\u0438\u0447 \u0432 \u0421\u0430\u043c\u0430\u0440\u0435",
    "seo_h1": "\u041a\u0443\u043f\u0438\u0442\u044c \u043a\u0438\u0440\u043f\u0438\u0447 \u0432 \u0421\u0430\u043c\u0430\u0440\u0435, \u0446\u0435\u043d\u0430 \u0437\u0430 \u0448\u0442\u0443\u043a\u0443",
    "seo_text": "<p>\u0415\u0441\u043b\u0438 \u0432\u0430\u0441 \u0438\u043d\u0442\u0435\u0440\u0435\u0441\u0443\u0435\u0442 \u043a\u0438\u0440\u043f\u0438\u0447, \u0446\u0435\u043d\u0430 \u043a\u043e\u0442\u043e\u0440\u043e\u0433\u043e \u0431\u0443\u0434\u0435\u0442 \u0434\u043e\u0441\u0442\u0430\u0442\u043e\u0447\u043d\u043e \u0432\u044b\u0433\u043e\u0434\u043d\u043e\u0439, \u043e\u0431\u0440\u0430\u0442\u0438\u0442\u0435 \u0432\u043d\u0438\u043c\u0430\u043d\u0438\u0435 \u043d\u0430 \u0430\u0441\u0441\u043e\u0440\u0442\u0438\u043c\u0435\u043d\u0442 \u0432 \u043c\u0430\u0433\u0430\u0437\u0438\u043d\u0435 \u041a\u0440\u0430\u0441\u043d\u0430\u044f \u0446\u0435\u043d\u0430.\u0440\u0444. \u041d\u0430 \u0441\u0430\u0439\u0442\u0435 \u0432\u044b \u043d\u0430\u0439\u0434\u0451\u0442\u0435 \u0440\u0430\u0437\u043b\u0438\u0447\u043d\u044b\u0435 \u0432\u0438\u0434\u044b \u043a\u0438\u0440\u043f\u0438\u0447\u0430, \u043f\u0440\u0435\u0434\u043d\u0430\u0437\u043d\u0430\u0447\u0435\u043d\u043d\u044b\u0435 \u0434\u043b\u044f \u043f\u0440\u043e\u0432\u0435\u0434\u0435\u043d\u0438\u044f \u0441\u0442\u0440\u043e\u0438\u0442\u0435\u043b\u044c\u043d\u044b\u0445 \u0438 \u0440\u0435\u043c\u043e\u043d\u0442\u043d\u044b\u0445 \u0440\u0430\u0431\u043e\u0442. \u0414\u043e\u0441\u0442\u0443\u043f\u043d\u0430\u044f \u0441\u0442\u043e\u0438\u043c\u043e\u0441\u0442\u044c \u043a\u0438\u0440\u043f\u0438\u0447\u0430 \u043e\u0431\u0435\u0441\u043f\u0435\u0447\u0438\u0432\u0430\u0435\u0442\u0441\u044f \u0437\u0430 \u0441\u0447\u0451\u0442 \u0441\u043a\u0438\u0434\u043e\u043a \u0438 \u043f\u0440\u044f\u043c\u044b\u0445 \u043f\u043e\u0441\u0442\u0430\u0432\u043e\u043a \u0431\u0435\u0437 \u043f\u043e\u0441\u0440\u0435\u0434\u043d\u0438\u0447\u0435\u0441\u0442\u0432\u0430.</p>\r\n\r\n<h2>\u041f\u0440\u043e\u0434\u0430\u0436\u0430 \u043a\u0438\u0440\u043f\u0438\u0447\u0430</h2>\r\n\r\n<p>\u041c\u043d\u043e\u0433\u0438\u043c\u0438 \u0444\u0438\u0440\u043c\u0430\u043c\u0438 \u043e\u0441\u0443\u0449\u0435\u0441\u0442\u0432\u043b\u044f\u0435\u0442\u0441\u044f \u043f\u0440\u043e\u0434\u0430\u0436\u0430 \u043a\u0438\u0440\u043f\u0438\u0447\u0430. \u0412\u0430\u043c \u0431\u043e\u043b\u044c\u0448\u0435 \u043d\u0435 \u043f\u0440\u0438\u0434\u0451\u0442\u0441\u044f \u0442\u0440\u0430\u0442\u0438\u0442\u044c \u0432\u0440\u0435\u043c\u044f \u043d\u0430 \u043f\u043e\u0438\u0441\u043a \u043f\u043e\u0434\u0445\u043e\u0434\u044f\u0449\u0438\u0445 \u043a\u043e\u043c\u043c\u0435\u0440\u0447\u0435\u0441\u043a\u0438\u0445 \u043f\u0440\u0435\u0434\u043b\u043e\u0436\u0435\u043d\u0438\u0439. \u0412\u0441\u0435 \u043e\u0441\u043d\u043e\u0432\u043d\u044b\u0435 \u0432\u0438\u0434\u044b \u043a\u0438\u0440\u043f\u0438\u0447\u0430 \u043f\u0440\u0435\u0434\u0441\u0442\u0430\u0432\u043b\u0435\u043d\u044b \u0437\u0434\u0435\u0441\u044c, \u043f\u0440\u0438\u0442\u043e\u043c \u043d\u0430 \u043d\u0438\u0445 \u0443\u0441\u0442\u0430\u043d\u043e\u0432\u043b\u0435\u043d\u0430 \u0432\u044b\u0433\u043e\u0434\u043d\u0430\u044f, \u0434\u043e\u0441\u0442\u0443\u043f\u043d\u0430\u044f \u0446\u0435\u043d\u0430. \u0422\u0435\u043f\u0435\u0440\u044c \u0432\u044b \u043c\u043e\u0436\u0435\u0442\u0435 \u043a\u0443\u043f\u0438\u0442\u044c \u043a\u0438\u0440\u043f\u0438\u0447 \u0431\u0435\u0437 \u043f\u0435\u0440\u0435\u043f\u043b\u0430\u0442 \u0432 \u043b\u044e\u0431\u043e\u0435 \u0432\u0440\u0435\u043c\u044f.</p>\r\n\r\n<h2>\u041a\u0443\u043f\u0438\u0442\u044c \u043e\u0431\u043b\u0438\u0446\u043e\u0432\u043e\u0447\u043d\u044b\u0439 \u043a\u0438\u0440\u043f\u0438\u0447, \u0446\u0435\u043d\u0430</h2>\r\n\r\n<p>\u041d\u0430 \u0441\u0430\u0439\u0442\u0435 \u043f\u0440\u0435\u0434\u0441\u0442\u0430\u0432\u043b\u0435\u043d \u043a\u0438\u0440\u043f\u0438\u0447 \u043e\u0431\u043b\u0438\u0446\u043e\u0432\u043e\u0447\u043d\u044b\u0439, \u0446\u0435\u043d\u0430 \u043a\u043e\u0442\u043e\u0440\u043e\u0433\u043e \u0432\u0430\u0441 \u043f\u0440\u0438\u044f\u0442\u043d\u043e \u0443\u0434\u0438\u0432\u0438\u0442 \u0438 \u043f\u043e\u0440\u0430\u0434\u0443\u0435\u0442. \u042d\u0442\u043e \u043c\u0430\u0442\u0435\u0440\u0438\u0430\u043b, \u043a\u043e\u0442\u043e\u0440\u044b\u0439 \u044d\u0441\u0442\u0435\u0442\u0438\u0447\u043d\u043e \u0432\u044b\u0433\u043b\u044f\u0434\u0438\u0442, \u0438\u043c\u0435\u0435\u0442 \u043f\u0440\u0438\u0432\u043b\u0435\u043a\u0430\u0442\u0435\u043b\u044c\u043d\u044b\u0439 \u0432\u043d\u0435\u0448\u043d\u0438\u0439 \u0432\u0438\u0434. \u0418\u043c \u043c\u043e\u0436\u043d\u043e \u043e\u0442\u0434\u0435\u043b\u0430\u0442\u044c \u0444\u0430\u0441\u0430\u0434 \u043b\u044e\u0431\u043e\u0433\u043e \u0437\u0434\u0430\u043d\u0438\u044f \u0438\u043b\u0438 \u0441\u043e\u043e\u0440\u0443\u0436\u0435\u043d\u0438\u044f. \u041d\u0435 \u0443\u043f\u0443\u0441\u043a\u0430\u0439\u0442\u0435 \u0432\u043e\u0437\u043c\u043e\u0436\u043d\u043e\u0441\u0442\u044c \u043a\u0443\u043f\u0438\u0442\u044c \u043a\u0438\u0440\u043f\u0438\u0447 \u043e\u0431\u043b\u0438\u0446\u043e\u0432\u043e\u0447\u043d\u044b\u0439 &mdash; \u0446\u0435\u043d\u0430 \u0437\u0430 \u0448\u0442\u0443\u043a\u0443&nbsp;\u0432\u044b\u0433\u043e\u0434\u043d\u0435\u0435, \u0447\u0435\u043c \u043a\u043e\u0433\u0434\u0430-\u043b\u0438\u0431\u043e.</p>\r\n\r\n<h2>\u0421\u0438\u043b\u0438\u043a\u0430\u0442\u043d\u044b\u0439 \u043a\u0438\u0440\u043f\u0438\u0447, \u0446\u0435\u043d\u0430</h2>\r\n\r\n<p>\u0421\u043e\u0432\u0440\u0435\u043c\u0435\u043d\u043d\u044b\u0435 \u043f\u0440\u043e\u0438\u0437\u0432\u043e\u0434\u0441\u0442\u0432\u0435\u043d\u043d\u044b\u0435 \u0442\u0435\u0445\u043d\u043e\u043b\u043e\u0433\u0438\u0438 \u043e\u0431\u0435\u0441\u043f\u0435\u0447\u0438\u0432\u0430\u044e\u0442 \u0438\u0434\u0435\u0430\u043b\u044c\u043d\u044b\u0435 \u044d\u043a\u0441\u043f\u043b\u0443\u0430\u0442\u0430\u0446\u0438\u043e\u043d\u043d\u044b\u0435 \u0445\u0430\u0440\u0430\u043a\u0442\u0435\u0440\u0438\u0441\u0442\u0438\u043a\u0438 \u043a\u0438\u0440\u043f\u0438\u0447\u0430. \u041f\u043e\u044d\u0442\u043e\u043c\u0443 \u0442\u0430\u043a\u043e\u0439 \u043f\u043e\u043f\u0443\u043b\u044f\u0440\u043d\u043e\u0441\u0442\u044c\u044e \u043f\u043e\u043b\u044c\u0437\u0443\u0435\u0442\u0441\u044f \u0441\u0438\u043b\u0438\u043a\u0430\u0442\u043d\u044b\u0439 \u043a\u0438\u0440\u043f\u0438\u0447&nbsp;&mdash; \u0446\u0435\u043d\u0430 \u0434\u0430\u043d\u043d\u043e\u0433\u043e \u043c\u0430\u0442\u0435\u0440\u0438\u0430\u043b\u0430 \u0442\u0435\u043f\u0435\u0440\u044c \u0441\u0442\u0430\u043b\u0430 \u0435\u0449\u0451 \u0431\u043e\u043b\u0435\u0435 \u0434\u043e\u0441\u0442\u0443\u043f\u043d\u043e\u0439.</p>\r\n\r\n<h2>\u041a\u0440\u0430\u0441\u043d\u044b\u0439 \u043a\u0438\u0440\u043f\u0438\u0447 \u043f\u043e\u043b\u043d\u043e\u0442\u0435\u043b\u044b\u0439</h2>\r\n\r\n<p>\u041f\u0440\u0438 \u0441\u0442\u0440\u043e\u0438\u0442\u0435\u043b\u044c\u0441\u0442\u0432\u0435 \u0447\u0430\u0441\u0442\u043e \u0438\u0441\u043f\u043e\u043b\u044c\u0437\u0443\u0435\u0442\u0441\u044f \u043f\u043e\u043b\u043d\u043e\u0442\u0435\u043b\u044b\u0439 \u043a\u0440\u0430\u0441\u043d\u044b\u0439 \u043a\u0438\u0440\u043f\u0438\u0447. \u041e\u043d \u0438\u043c\u0435\u0435\u0442 \u0431\u043e\u043b\u044c\u0448\u0438\u0439 \u0432\u0435\u0441, \u043e\u0434\u043d\u0430\u043a\u043e \u0435\u0433\u043e \u043f\u0440\u043e\u0447\u043d\u043e\u0441\u0442\u044c \u0438 \u0443\u0441\u0442\u043e\u0439\u0447\u0438\u0432\u043e\u0441\u0442\u044c \u043a \u0432\u043d\u0435\u0448\u043d\u0435\u043c\u0443 \u0432\u043e\u0437\u0434\u0435\u0439\u0441\u0442\u0432\u0438\u044e \u0447\u0440\u0435\u0437\u0432\u044b\u0447\u0430\u0439\u043d\u043e \u0432\u044b\u0441\u043e\u043a\u0438. \u0414\u043e\u043b\u0433\u043e\u0432\u0435\u0447\u043d\u043e\u0441\u0442\u044c \u043d\u0435\u0441\u0443\u0449\u0438\u0445 \u043a\u043e\u043d\u0441\u0442\u0440\u0443\u043a\u0446\u0438\u0439, \u043f\u0440\u0438 \u0432\u043e\u0437\u0432\u0435\u0434\u0435\u043d\u0438\u0438 \u043a\u043e\u0442\u043e\u0440\u044b\u0445 \u0438\u0441\u043f\u043e\u043b\u044c\u0437\u043e\u0432\u0430\u043b\u0441\u044f \u043a\u0438\u0440\u043f\u0438\u0447 \u043f\u043e\u043b\u043d\u043e\u0442\u0435\u043b\u044b\u0439, \u043f\u043e\u043b\u0443\u0447\u0430\u0435\u0442\u0441\u044f \u043c\u0430\u043a\u0441\u0438\u043c\u0430\u043b\u044c\u043d\u043e \u0432\u044b\u0441\u043e\u043a\u043e\u0439.</p>\r\n\r\n<h2>\u041e\u0433\u043d\u0435\u0443\u043f\u043e\u0440\u043d\u044b\u0439 \u043a\u0438\u0440\u043f\u0438\u0447 \u043f\u0435\u0447\u043d\u043e\u0439</h2>\r\n\r\n<p>\u0414\u043b\u044f \u043a\u043b\u0430\u0434\u043a\u0438 \u043f\u0435\u0447\u0435\u0439 \u043f\u0440\u0438\u043c\u0435\u043d\u044f\u0435\u0442\u0441\u044f \u043e\u0433\u043d\u0435\u0443\u043f\u043e\u0440\u043d\u044b\u0439 \u043a\u0438\u0440\u043f\u0438\u0447. \u041e\u043d \u0443\u0441\u0442\u043e\u0439\u0447\u0438\u0432 \u043a \u0432\u043e\u0437\u0434\u0435\u0439\u0441\u0442\u0432\u0438\u044e \u0432\u044b\u0441\u043e\u043a\u0438\u0445 \u0442\u0435\u043c\u043f\u0435\u0440\u0430\u0442\u0443\u0440, \u043d\u0435 \u0440\u0430\u0437\u0440\u0443\u0448\u0430\u0435\u0442\u0441\u044f \u0438 \u043d\u0435 \u043a\u0440\u043e\u0448\u0438\u0442\u0441\u044f \u043f\u0440\u0438 \u043a\u043e\u043d\u0442\u0430\u043a\u0442\u0435 \u0441 \u043f\u043b\u0430\u043c\u0435\u043d\u0435\u043c. \u0427\u0435\u0440\u0435\u0437 \u0441\u0430\u0439\u0442 &laquo;\u041a\u0440\u0430\u0441\u043d\u0430\u044f \u0446\u0435\u043d\u0430&raquo; \u0432\u044b \u043c\u043e\u0436\u0435\u0442\u0435 \u0437\u0430\u043a\u0430\u0437\u0430\u0442\u044c \u043a\u0438\u0440\u043f\u0438\u0447 \u043f\u0435\u0447\u043d\u043e\u0439, \u043e\u0431\u043b\u0430\u0434\u0430\u044e\u0449\u0438\u0439 \u0432\u044b\u0441\u043e\u043a\u0438\u043c\u0438 \u044d\u043a\u0441\u043f\u043b\u0443\u0430\u0442\u0430\u0446\u0438\u043e\u043d\u043d\u044b\u043c\u0438 \u0445\u0430\u0440\u0430\u043a\u0442\u0435\u0440\u0438\u0441\u0442\u0438\u043a\u0430\u043c\u0438.</p>\r\n\r\n<h2>\u041b\u0438\u0446\u0435\u0432\u043e\u0439 \u043a\u0438\u0440\u043f\u0438\u0447 \u0440\u044f\u0434\u043e\u0432\u043e\u0439</h2>\r\n\r\n<p>\u0412\u043e\u0441\u043f\u043e\u043b\u044c\u0437\u0443\u0439\u0442\u0435\u0441\u044c \u0438\u043d\u0442\u0435\u0440\u0444\u0435\u0439\u0441\u043e\u043c \u0441\u0430\u0439\u0442\u0430, \u0447\u0442\u043e\u0431\u044b \u0437\u0430\u043a\u0430\u0437\u0430\u0442\u044c \u043b\u0438\u0446\u0435\u0432\u043e\u0439 \u043a\u0438\u0440\u043f\u0438\u0447, \u0432\u043e\u0441\u0442\u0440\u0435\u0431\u043e\u0432\u0430\u043d\u043d\u044b\u0439 \u043f\u0440\u0438 \u043f\u0440\u043e\u0432\u0435\u0434\u0435\u043d\u0438\u0438 \u0441\u0442\u0440\u043e\u0438\u0442\u0435\u043b\u044c\u043d\u044b\u0445 \u0438 \u043e\u0431\u043b\u0438\u0446\u043e\u0432\u043e\u0447\u043d\u044b\u0445 \u0440\u0430\u0431\u043e\u0442. \u0423 \u0432\u0430\u0441 \u043d\u0435 \u0431\u0443\u0434\u0435\u0442 \u043f\u043e\u0432\u043e\u0434\u0430 \u0441\u043e\u043c\u043d\u0435\u0432\u0430\u0442\u044c\u0441\u044f \u0432 \u043a\u0430\u0447\u0435\u0441\u0442\u0432\u0435. \u041f\u0440\u0438\u0442\u043e\u043c \u0432\u044b \u043e\u0441\u0442\u0430\u043d\u0435\u0442\u0435\u0441\u044c \u043f\u043e\u043b\u043d\u043e\u0441\u0442\u044c\u044e \u0434\u043e\u0432\u043e\u043b\u044c\u043d\u044b \u0446\u0435\u043d\u043e\u0439, \u0432\u0435\u0434\u044c \u043a\u0438\u0440\u043f\u0438\u0447 \u0440\u044f\u0434\u043e\u0432\u043e\u0439 \u043f\u0440\u0435\u0434\u043b\u0430\u0433\u0430\u0435\u0442\u0441\u044f \u043f\u043e \u043c\u0430\u043a\u0441\u0438\u043c\u0430\u043b\u044c\u043d\u043e \u0432\u044b\u0433\u043e\u0434\u043d\u044b\u043c \u0440\u0430\u0441\u0446\u0435\u043d\u043a\u0430\u043c.</p>\r\n\r\n<h2>\u041a\u0435\u0440\u0430\u043c\u0438\u0447\u0435\u0441\u043a\u0438\u0439 \u0446\u043e\u043a\u043e\u043b\u044c\u043d\u044b\u0439 \u043a\u0438\u0440\u043f\u0438\u0447</h2>\r\n\r\n<p>\u0421\u043e\u0432\u0440\u0435\u043c\u0435\u043d\u043d\u044b\u0439 \u043a\u0435\u0440\u0430\u043c\u0438\u0447\u0435\u0441\u043a\u0438\u0439 \u043a\u0438\u0440\u043f\u0438\u0447, \u0438\u0441\u043f\u043e\u043b\u044c\u0437\u0443\u0435\u043c\u044b\u0439 \u043f\u0440\u0438 \u0443\u043a\u043b\u0430\u0434\u043a\u0435 \u0446\u043e\u043a\u043e\u043b\u0435\u0439, \u0438\u043c\u0435\u0435\u0442 \u043f\u043e\u0432\u044b\u0448\u0435\u043d\u043d\u0443\u044e \u043f\u0440\u043e\u0447\u043d\u043e\u0441\u0442\u044c \u0438 \u0441\u043f\u043e\u0441\u043e\u0431\u0435\u043d \u0441\u043b\u0443\u0436\u0438\u0442\u044c \u0434\u0435\u0441\u044f\u0442\u0438\u043b\u0435\u0442\u0438\u044f\u043c\u0438. \u041e\u0444\u043e\u0440\u043c\u0438\u0442\u0435 \u0447\u0435\u0440\u0435\u0437 \u0441\u0430\u0439\u0442 \u0437\u0430\u043a\u0430\u0437 \u043d\u0430 \u043a\u0438\u0440\u043f\u0438\u0447 \u0446\u043e\u043a\u043e\u043b\u044c\u043d\u044b\u0439 &mdash; \u0446\u0435\u043d\u0430 \u0431\u0443\u0434\u0435\u0442 \u0432\u044b\u0433\u043e\u0434\u043d\u0435\u0435, \u0447\u0435\u043c \u0433\u0434\u0435-\u043b\u0438\u0431\u043e \u0435\u0449\u0451. \u0422\u043e\u043b\u044c\u043a\u043e \u0437\u0434\u0435\u0441\u044c \u0432\u044b \u0441\u043c\u043e\u0436\u0435\u0442\u0435 \u043e\u0431\u0440\u0430\u0442\u0438\u0442\u044c\u0441\u044f \u043a \u0432\u0435\u0434\u0443\u0449\u0438\u043c \u043f\u043e\u0441\u0442\u0430\u0432\u0449\u0438\u043a\u0430\u043c, \u0447\u0442\u043e\u0431\u044b \u043a\u0443\u043f\u0438\u0442\u044c \u043a\u0438\u0440\u043f\u0438\u0447 \u0446\u043e\u043a\u043e\u043b\u044c\u043d\u044b\u0439, \u0446\u0435\u043d\u0430 \u043a\u043e\u0442\u043e\u0440\u043e\u0433\u043e \u0441\u043d\u0438\u0436\u0435\u043d\u0430 \u0437\u0430 \u0441\u0447\u0451\u0442 \u0441\u043a\u0438\u0434\u043e\u043a. \u0417\u0430\u043a\u0430\u0437\u044b\u0432\u0430\u0439\u0442\u0435 \u043b\u044e\u0431\u0443\u044e \u043f\u0430\u0440\u0442\u0438\u044e \u043c\u0430\u0442\u0435\u0440\u0438\u0430\u043b\u043e\u0432 \u0434\u043b\u044f \u0441\u0442\u0440\u043e\u0438\u0442\u0435\u043b\u044c\u0441\u0442\u0432\u0430 \u0438 \u0440\u0435\u043c\u043e\u043d\u0442\u0430.</p>",
    "icon": "",
    "updated": "2019-08-21T10:17:17.159Z",
    "lft": 4,
    "rght": 5,
    "tree_id": 1,
    "level": 1
  }
},
{
  "model": "catalog.product",
  "pk": 87,
  "fields": {
    "name": "\u041a\u0435\u0440\u0430\u043c\u0437\u0438\u0442\u043e\u0431\u043b\u043e\u043a (\u0421\u0422\u0415\u041d\u041e\u0412\u041e\u0419)",
    "sku": "",
    "third_party_code": null,
    "slug": "keramzitoblok-stenovoi-105",
    "category": 242,
    "published": true,
    "price": "35.90",
    "old_price": null,
    "price_type": null,
    "days_to_arrive": null,
    "uom": 6,
    "is_hit": true,
    "is_new": false,
    "is_sale": false,
    "discounted": false,
    "description": "&nbsp;\r\n\r\n\r\n\r\n\u0411\u043b\u043e\u043a \u043a\u0435\u0440\u0430\u043c\u0437\u0438\u0442\u043d\u044b\u0439 - \u044d\u0442\u043e \u0441\u043f\u0435\u0446\u0438\u0430\u043b\u044c\u043d\u044b\u0439 \u2026",
    "short_description": "",
    "weight": 12.0,
    "volume": 0.0141,
    "length": null,
    "width": null,
    "height": null,
    "meta_description": "\u041a\u0435\u0440\u0430\u043c\u0437\u0438\u0442\u043e\u0431\u043b\u043e\u043a \u043a\u0443\u043f\u0438\u0442\u044c, \u041a\u0435\u0440\u0430\u043c\u0437\u0438\u0442\u043e\u0431\u043b\u043e\u043a \u0446\u0435\u043d\u0430, \u041a\u0435\u0440\u0430\u043c\u0437\u0438\u0442\u043e\u0431\u043b\u043e\u043a \u0432 \u0441\u0430\u043c\u0430\u0440\u0435",
    "meta_keywords": "\u041a\u0435\u0440\u0430\u043c\u0437\u0438\u0442\u043e\u0431\u043b\u043e\u043a \u043a\u0443\u043f\u0438\u0442\u044c, \u041a\u0435\u0440\u0430\u043c\u0437\u0438\u0442\u043e\u0431\u043b\u043e\u043a \u0446\u0435\u043d\u0430, \u041a\u0435\u0440\u0430\u043c\u0437\u0438\u0442\u043e\u0431\u043b\u043e\u043a \u0432 \u0441\u0430\u043c\u0430\u0440\u0435",
    "seo_title": "\u041a\u0435\u0440\u0430\u043c\u0437\u0438\u0442\u043e\u0431\u043b\u043e\u043a \u043a\u0443\u043f\u0438\u0442\u044c, \u041a\u0435\u0440\u0430\u043c\u0437\u0438\u0442\u043e\u0431\u043b\u043e\u043a \u0446\u0435\u043d\u0430, \u041a\u0435\u0440\u0430\u043c\u0437\u0438\u0442\u043e\u0431\u043b\u043e\u043a \u0432 \u0441\u0430\u043c\u0430\u0440\u0435",
    "seo_h1": "\u041a\u0435\u0440\u0430\u043c\u0437\u0438\u0442\u043e\u0431\u043b\u043e\u043a (\u0421\u0422\u0415\u041d\u041e\u0412\u041e\u0419)",
    "created_at": "2018-05-17T00:46:51.539Z",
    "updated_at": "2019-11-07T20:27:55.366Z"
  }
},
{
  "model": "catalog.product",
  "pk": 88,
  "fields": {
    "name": "\u041a\u0435\u0440\u0430\u043c\u0437\u0438\u0442\u043e\u0431\u043b\u043e\u043a (\u041f\u0415\u0420\u0415\u0413\u041e\u0420\u041e\u0414\u041e\u0427\u041d\u042b\u0419)",
    "sku": "",
    "third_party_code": null,
    "slug": "keramzitoblok-peregorodochnyi-106",
    "category": 242,
    "published": true,
    "price": "23.00",
    "old_price": null,
    "price_type": null,
    "days_to_arrive": null,
    "uom": 6,
    "is_hit": true,
    "is_new": false,
    "is_sale": false,
    "discounted": false,
    "description": "\r\n\r\n\u0411\u043b\u043e\u043a \u043a\u0435\u0440\u0430\u043c\u0437\u0438\u0442\u043d\u044b\u0439 - \u044d\u0442\u043e \u0441\u043f\u0435\u0446\u0438\u0430\u043b\u044c\u043d\u044b\u0439 \u043c\u0430\u0442\u0435\u0440\u0438\u0430\u043b, \u2026",
    "short_description": "",
    "weight": 6.0,
    "volume": 0.0067,
    "length": null,
    "width": null,
    "height": null,
    "meta_description": "\u041a\u0435\u0440\u0430\u043c\u0437\u0438\u0442\u043e\u0431\u043b\u043e\u043a \u043a\u0443\u043f\u0438\u0442\u044c, \u041a\u0435\u0440\u0430\u043c\u0437\u0438\u0442\u043e\u0431\u043b\u043e\u043a \u0446\u0435\u043d\u0430, \u041a\u0435\u0440\u0430\u043c\u0437\u0438\u0442\u043e\u0431\u043b\u043e\u043a \u0432 \u0441\u0430\u043c\u0430\u0440\u0435",
    "meta_keywords": "\u041a\u0435\u0440\u0430\u043c\u0437\u0438\u0442\u043e\u0431\u043b\u043e\u043a \u043a\u0443\u043f\u0438\u0442\u044c, \u041a\u0435\u0440\u0430\u043c\u0437\u0438\u0442\u043e\u0431\u043b\u043e\u043a \u0446\u0435\u043d\u0430, \u041a\u0435\u0440\u0430\u043c\u0437\u0438\u0442\u043e\u0431\u043b\u043e\u043a \u0432 \u0441\u0430\u043c\u0430\u0440\u0435",
    "seo_title": "\u041a\u0435\u0440\u0430\u043c\u0437\u0438\u0442\u043e\u0431\u043b\u043e\u043a \u043a\u0443\u043f\u0438\u0442\u044c, \u041a\u0435\u0440\u0430\u043c\u0437\u0438\u0442\u043e\u0431\u043b\u043e\u043a \u0446\u0435\u043d\u0430, \u041a\u0435\u0440\u0430\u043c\u0437\u0438\u0442\u043e\u0431\u043b\u043e\u043a \u0432 \u0441\u0430\u043c\u0430\u0440\u0435",
    "seo_h1": "\u041a\u0435\u0440\u0430\u043c\u0437\u0438\u0442\u043e\u0431\u043b\u043e\u043a (\u041f\u0415\u0420\u0415\u0413\u041e\u0420\u041e\u0414\u041e\u0427\u041d\u042b\u0419)",
    "created_at": "2018-05-17T00:46:51.545Z",
    "updated_at": "2019-11-07T20:27:55.413Z"
  }
},
{
  "model": "catalog.product",
  "pk": 477,
  "fields": {
    "name": "\u041a\u0438\u0440\u043f\u0438\u0447 \u0446\u043e\u043a\u043e\u043b\u044c\u043d\u044b\u0439 \u0422\u041a\u0417 \u041c-150",
    "sku": "",
    "third_party_code": null,
    "slug": "kirpich-tsokolnyi-tkz-m-150-637",
    "category": 243,
    "published": true,
    "price": "11.30",
    "old_price": null,
    "price_type": null,
    "days_to_arrive": null,
    "uom": 6,
    "is_hit": false,
    "is_new": false,
    "is_sale": false,
    "discounted": false,
    "description": "\r\n\r\n\u0412\u0435\u043a\u043e\u0432\u044b\u0435 \u0442\u0440\u0430\u0434\u0438\u0446\u0438\u0438 \u0432 \u043e\u0441\u043d\u043e\u0432\u0435 \u0441\u0442\u0440\u043e\u0438\u0442\u0435\u043b\u044c\u0441\u0442\u0432\u0430\r\n\r\n\r\n\u2026",
    "short_description": "",
    "weight": 3.5,
    "volume": 0.0,
    "length": null,
    "width": null,
    "height": null,
    "meta_description": "\u041f\u0440\u043e\u0434\u0430\u0436\u0430 \u0446\u043e\u043a\u043e\u043b\u044c\u043d\u043e\u0433\u043e \u043a\u0438\u0440\u043f\u0438\u0447\u0430 - \u0441\u0443\u043f\u0435\u0440\u043c\u0430\u0440\u043a\u0435\u0442 \u0441\u0442\u0440\u043e\u0438\u0442\u0435\u043b\u044c\u043d\u044b\u0445 \u043c\u0430\u0442\u0435\u0440\u0438\u0430\u043b\u043e\u0432 \u00ab\u041a\u0440\u0430\u0441\u043d\u0430\u044f \u0446\u0435\u043d\u0430\u00bb. \u0422\u0435\u043b. 8 (846) 211-11-36.",
    "meta_keywords": "\u041a\u0438\u0440\u043f\u0438\u0447 \u0446\u043e\u043a\u043e\u043b\u044c\u043d\u044b\u0439 \u0422\u041a\u0417 \u041c-150, \u041a\u0438\u0440\u043f\u0438\u0447 \u0446\u043e\u043a\u043e\u043b\u044c\u043d\u044b\u0439 \u0422\u041a\u0417 \u041c-150 \u043a\u0443\u043f\u0438\u0442\u044c, \u041a\u0438\u0440\u043f\u0438\u0447 \u0446\u043e\u043a\u043e\u043b\u044c\u043d\u044b\u0439 \u0422\u041a\u0417 \u041c-150 \u043a\u0443\u043f\u0438\u0442\u044c \u0432 \u0421\u0430\u043c\u0430\u0440\u0435",
    "seo_title": "\u041a\u0438\u0440\u043f\u0438\u0447 \u0446\u043e\u043a\u043e\u043b\u044c\u043d\u044b\u0439 \u0422\u041a\u0417 \u041c-150, \u041a\u0438\u0440\u043f\u0438\u0447 \u0446\u043e\u043a\u043e\u043b\u044c\u043d\u044b\u0439 \u0422\u041a\u0417 \u041c-150 \u043a\u0443\u043f\u0438\u0442\u044c, \u041a\u0438\u0440\u043f\u0438\u0447 \u0446\u043e\u043a\u043e\u043b\u044c\u043d\u044b\u0439 \u0422\u041a\u0417 \u041c-150 \u043a\u0443\u043f\u0438\u0442\u044c \u0432 \u0421\u0430\u043c\u0430\u0440\u0435",
    "seo_h1": "\u041a\u0438\u0440\u043f\u0438\u0447 \u0446\u043e\u043a\u043e\u043b\u044c\u043d\u044b\u0439 \u0422\u041a\u0417 \u041c-150",
    "created_at": "2018-05-17T00:46:53.937Z",
    "updated_at": "2019-11-07T20:27:55.423Z"
  }
},
{
  "model": "catalog.product",
  "pk": 481,
  "fields": {
    "name": "\u041a\u0438\u0440\u043f\u0438\u0447 \u0446\u043e\u043a\u043e\u043b\u044c\u043d\u044b\u0439 \u0412\u0410\u0417 \u041c-200",
    "sku": "",
    "third_party_code": null,
    "slug": "kirpich-tsokolnyi-vaz-m-200-641",
    "category": 243,
    "published": true,
    "price": "14.00",
    "old_price": null,
    "price_type": null,
    "days_to_arrive": null,
    "uom": 6,
    "is_hit": false,
    "is_new": false,
    "is_sale": false,
    "discounted": false,
    "description": "&nbsp;\r\n\r\n\r\n\r\n\u041a\u0438\u0440\u043f\u0438\u0447 \u0446\u043e\u043a\u043e\u043b\u044c\u043d\u044b\u0439 \u0412\u0410\u0417 \u041c-200\r\n\r\n&nbsp\u2026",
    "short_description": "",
    "weight": 3.3,
    "volume": 0.0,
    "length": null,
    "width": null,
    "height": null,
    "meta_description": "\u041a\u0438\u0440\u043f\u0438\u0447 \u0446\u043e\u043a\u043e\u043b\u044c\u043d\u044b\u0439 \u0412\u0410\u0417 \u041c-200, \u041a\u0438\u0440\u043f\u0438\u0447 \u0446\u043e\u043a\u043e\u043b\u044c\u043d\u044b\u0439 \u0412\u0410\u0417 \u041c-200 \u043a\u0443\u043f\u0438\u0442\u044c, \u041a\u0438\u0440\u043f\u0438\u0447 \u0446\u043e\u043a\u043e\u043b\u044c\u043d\u044b\u0439 \u0412\u0410\u0417 \u041c-200 \u043a\u0443\u043f\u0438\u0442\u044c \u0432 \u0421\u0430\u043c\u0430\u0440\u0435",
    "meta_keywords": "\u041a\u0438\u0440\u043f\u0438\u0447 \u0446\u043e\u043a\u043e\u043b\u044c\u043d\u044b\u0439 \u0412\u0410\u0417 \u041c-200, \u041a\u0438\u0440\u043f\u0438\u0447 \u0446\u043e\u043a\u043e\u043b\u044c\u043d\u044b\u0439 \u0412\u0410\u0417 \u041c-200 \u043a\u0443\u043f\u0438\u0442\u044c, \u041a\u0438\u0440\u043f\u0438\u0447 \u0446\u043e\u043a\u043e\u043b\u044c\u043d\u044b\u0439 \u0412\u0410\u0417 \u041c-200 \u043a\u0443\u043f\u0438\u0442\u044c \u0432 \u0421\u0430\u043c\u0430\u0440\u0435",
    "seo_title": "\u041a\u0438\u0440\u043f\u0438\u0447 \u0446\u043e\u043a\u043e\u043b\u044c\u043d\u044b\u0439 \u0412\u0410\u0417 \u041c-200, \u041a\u0438\u0440\u043f\u0438\u0447 \u0446\u043e\u043a\u043e\u043b\u044c\u043d\u044b\u0439 \u0412\u0410\u0417 \u041c-200 \u043a\u0443\u043f\u0438\u0442\u044c, \u041a\u0438\u0440\u043f\u0438\u0447 \u0446\u043e\u043a\u043e\u043b\u044c\u043d\u044b\u0439 \u0412\u0410\u0417 \u041c-200 \u043a\u0443\u043f\u0438\u0442\u044c \u0432 \u0421\u0430\u043c\u0430\u0440\u0435",
    "seo_h1": "\u041a\u0438\u0440\u043f\u0438\u0447 \u0446\u043e\u043a\u043e\u043b\u044c\u043d\u044b\u0439 \u0412\u0410\u0417 \u041c-200",
    "created_at": "2018-05-17T00:46:53.952Z",
    "updated_at": "2019-11-07T20:27:55.434Z"
  }
},
{
  "model": "catalog.product",
  "pk": 1586,
  "fields": {
    "name": "\u041a\u0438\u0440\u043f\u0438\u0447 \u043e\u0431\u043b\u0438\u0446\u043e\u0432\u043e\u0447\u043d\u044b\u0439 \u0412\u0410\u0417 \u041c-150 \u041a\u043e\u0440\u0438\u0447\u043d\u0435\u0432\u044b\u0439",
    "sku": "",
    "third_party_code": null,
    "slug": "kirpich-oblitsovochnyi-vaz-m-150-korichnevyi-1831",
    "category": 243,
    "published": false,
    "price": "17.50",
    "old_price": null,
    "price_type": null,
    "days_to_arrive": null,
    "uom": null,
    "is_hit": false,
    "is_new": false,
    "is_sale": false,
    "discounted": false,
    "description": "\r\n\r\n\u041a\u0438\u0440\u043f\u0438\u0447 \u043e\u0431\u043b\u0438\u0446\u043e\u0432\u043e\u0447\u043d\u044b\u0439 \u0412\u0410\u0417 \u041c-150\r\n\r\n\u0412 \u0420\u043e\u0441\u0441\u0438\u0438 \u0437\u0430\u0432\u2026",
    "short_description": "",
    "weight": 0.0,
    "volume": 0.0,
    "length": null,
    "width": null,
    "height": null,
    "meta_description": "\u041a\u0438\u0440\u043f\u0438\u0447 \u043e\u0431\u043b\u0438\u0446\u043e\u0432\u043e\u0447\u043d\u044b\u0439 \u0412\u0410\u0417 \u041c-150 \u041a\u043e\u0440\u0438\u0447\u043d\u0435\u0432\u044b\u0439, \u041a\u0438\u0440\u043f\u0438\u0447 \u043e\u0431\u043b\u0438\u0446\u043e\u0432\u043e\u0447\u043d\u044b\u0439 \u0412\u0410\u0417 \u041c-150 \u041a\u043e\u0440\u0438\u0447\u043d\u0435\u0432\u044b\u0439 \u043a\u0443\u043f\u0438\u0442\u044c, \u041a\u0438\u0440\u043f\u0438\u0447 \u043e\u0431\u043b\u0438\u0446\u043e\u0432\u043e\u0447\u043d\u044b\u0439 \u0412\u0410\u0417 \u041c-150 \u041a\u043e\u0440\u0438\u0447\u043d\u0435\u0432\u044b\u0439 \u043a\u0443\u043f\u0438\u0442\u044c \u0432 \u0421\u0430\u043c\u0430\u0440\u0435",
    "meta_keywords": "\u041a\u0438\u0440\u043f\u0438\u0447 \u043e\u0431\u043b\u0438\u0446\u043e\u0432\u043e\u0447\u043d\u044b\u0439 \u0412\u0410\u0417 \u041c-150 \u041a\u043e\u0440\u0438\u0447\u043d\u0435\u0432\u044b\u0439, \u041a\u0438\u0440\u043f\u0438\u0447 \u043e\u0431\u043b\u0438\u0446\u043e\u0432\u043e\u0447\u043d\u044b\u0439 \u0412\u0410\u0417 \u041c-150 \u041a\u043e\u0440\u0438\u0447\u043d\u0435\u0432\u044b\u0439 \u043a\u0443\u043f\u0438\u0442\u044c, \u041a\u0438\u0440\u043f\u0438\u0447 \u043e\u0431\u043b\u0438\u0446\u043e\u0432\u043e\u0447\u043d\u044b\u0439 \u0412\u0410\u0417 \u041c-150 \u041a\u043e\u0440\u0438\u0447\u043d\u0435\u0432\u044b\u0439 \u043a\u0443\u043f\u0438\u0442\u044c \u0432 \u0421\u0430\u043c\u0430\u0440\u0435",
    "seo_title": "\u041a\u0438\u0440\u043f\u0438\u0447 \u043e\u0431\u043b\u0438\u0446\u043e\u0432\u043e\u0447\u043d\u044b\u0439 \u0412\u0410\u0417 \u041c-150 \u041a\u043e\u0440\u0438\u0447\u043d\u0435\u0432\u044b\u0439, \u041a\u0438\u0440\u043f\u0438\u0447 \u043e\u0431\u043b\u0438\u0446\u043e\u0432\u043e\u0447\u043d\u044b\u0439 \u0412\u0410\u0417 \u041c-150 \u041a\u043e\u0440\u0438\u0447\u043d\u0435\u0432\u044b\u0439 \u043a\u0443\u043f\u0438\u0442\u044c, \u041a\u0438\u0440\u043f\u0438\u0447 \u043e\u0431\u043b\u0438\u0446\u043e\u0432\u043e\u0447\u043d\u044b\u0439 \u0412\u0410\u0417 \u041c-150 \u041a\u043e\u0440\u0438\u0447\u043d\u0435\u0432\u044b\u0439 \u043a\u0443\u043f\u0438\u0442\u044c \u0432 \u0421\u0430\u043c\u0430\u0440\u0435",
    "seo_h1": "\u041a\u0438\u0440\u043f\u0438\u0447 \u043e\u0431\u043b\u0438\u0446\u043e\u0432\u043e\u0447\u043d\u044b\u0439 \u0412\u0410\u0417 \u041c-150 \u041a\u043e\u0440\u0438\u0447\u043d\u0435\u0432\u044b\u0439",
    "created_at": "2018-07-14T12:05:29.028Z",
    "updated_at": "2019-11-07T20:27:55.446Z"
  }
},
{
  "model": "catalog.product",
  "pk": 1587,
  "fields": {
    "name": "\u041a\u0438\u0440\u043f\u0438\u0447 \u043e\u0431\u043b\u0438\u0446\u043e\u0432\u043e\u0447\u043d\u044b\u0439 \u0443\u0442\u043e\u043b\u0449\u0435\u043d\u043d\u044b\u0439 \u0412\u0410\u0417 \u041c-150 \u041a\u043e\u0440\u0438\u0447\u043d\u0435\u0432\u044b\u0439",
    "sku": "",
    "third_party_code": null,
    "slug": "kirpich-oblitsovochnyi-utolshchennyi-vaz-m-150-korichnevyi-1832",
    "category": 243,
    "published": false,
    "price": "22.00",
    "old_price": null,
    "price_type": null,
    "days_to_arrive": null,
    "uom": null,
    "is_hit": false,
    "is_new": false,
    "is_sale": false,
    "discounted": false,
    "description": "\r\n\r\n\u041a\u0438\u0440\u043f\u0438\u0447 \u043e\u0431\u043b\u0438\u0446\u043e\u0432\u043e\u0447\u043d\u044b\u0439 \u0412\u0410\u0417 \u041c-150\r\n\r\n\u0412 \u0420\u043e\u0441\u0441\u0438\u0438 \u0437\u0430\u0432\u2026",
    "short_description": "",
    "weight": 0.0,
    "volume": 0.0,
    "length": null,
    "width": null,
    "height": null,
    "meta_description": "\u041a\u0438\u0440\u043f\u0438\u0447 \u043e\u0431\u043b\u0438\u0446\u043e\u0432\u043e\u0447\u043d\u044b\u0439 \u0443\u0442\u043e\u043b\u0449\u0435\u043d\u043d\u044b\u0439 \u0412\u0410\u0417 \u041c-150 \u041a\u043e\u0440\u0438\u0447\u043d\u0435\u0432\u044b\u0439, \u041a\u0438\u0440\u043f\u0438\u0447 \u043e\u0431\u043b\u0438\u0446\u043e\u0432\u043e\u0447\u043d\u044b\u0439 \u0443\u0442\u043e\u043b\u0449\u0435\u043d\u043d\u044b\u0439 \u0412\u0410\u0417 \u041c-150 \u041a\u043e\u0440\u0438\u0447\u043d\u0435\u0432\u044b\u0439 \u043a\u0443\u043f\u0438\u0442\u044c, \u041a\u0438\u0440\u043f\u0438\u0447 \u043e\u0431\u043b\u0438\u0446\u043e\u0432\u043e\u0447\u043d\u044b\u0439 \u0443\u0442\u043e\u043b\u0449\u0435\u043d\u043d\u044b\u0439 \u0412\u0410\u0417 \u041c-150 \u043a\u043e\u0440\u0438\u0447\u043d\u0435\u0432\u044b\u0439 \u043a\u0443\u043f\u0438\u0442\u044c \u0432 \u0421\u0430\u043c\u0430\u0440\u0435",
    "meta_keywords": "\u041a\u0438\u0440\u043f\u0438\u0447 \u043e\u0431\u043b\u0438\u0446\u043e\u0432\u043e\u0447\u043d\u044b\u0439 \u0443\u0442\u043e\u043b\u0449\u0435\u043d\u043d\u044b\u0439 \u0412\u0410\u0417 \u041c-150 \u041a\u043e\u0440\u0438\u0447\u043d\u0435\u0432\u044b\u0439, \u041a\u0438\u0440\u043f\u0438\u0447 \u043e\u0431\u043b\u0438\u0446\u043e\u0432\u043e\u0447\u043d\u044b\u0439 \u0443\u0442\u043e\u043b\u0449\u0435\u043d\u043d\u044b\u0439 \u0412\u0410\u0417 \u041c-150 \u041a\u043e\u0440\u0438\u0447\u043d\u0435\u0432\u044b\u0439 \u043a\u0443\u043f\u0438\u0442\u044c, \u041a\u0438\u0440\u043f\u0438\u0447 \u043e\u0431\u043b\u0438\u0446\u043e\u0432\u043e\u0447\u043d\u044b\u0439 \u0443\u0442\u043e\u043b\u0449\u0435\u043d\u043d\u044b\u0439 \u0412\u0410\u0417 \u041c-150 \u043a\u043e\u0440\u0438\u0447\u043d\u0435\u0432\u044b\u0439 \u043a\u0443\u043f\u0438\u0442\u044c \u0432 \u0421\u0430\u043c\u0430\u0440\u0435",
    "seo_title": "\u041a\u0438\u0440\u043f\u0438\u0447 \u043e\u0431\u043b\u0438\u0446\u043e\u0432\u043e\u0447\u043d\u044b\u0439 \u0443\u0442\u043e\u043b\u0449\u0435\u043d\u043d\u044b\u0439 \u0412\u0410\u0417 \u041c-150 \u041a\u043e\u0440\u0438\u0447\u043d\u0435\u0432\u044b\u0439, \u041a\u0438\u0440\u043f\u0438\u0447 \u043e\u0431\u043b\u0438\u0446\u043e\u0432\u043e\u0447\u043d\u044b\u0439 \u0443\u0442\u043e\u043b\u0449\u0435\u043d\u043d\u044b\u0439 \u0412\u0410\u0417 \u041c-150 \u041a\u043e\u0440\u0438\u0447\u043d\u0435\u0432\u044b\u0439 \u043a\u0443\u043f\u0438\u0442\u044c, \u041a\u0438\u0440\u043f\u0438\u0447 \u043e\u0431\u043b\u0438\u0446\u043e\u0432\u043e\u0447\u043d\u044b\u0439 \u0443\u0442\u043e\u043b\u0449\u0435\u043d\u043d\u044b\u0439 \u0412\u0410\u0417 \u041c-150 \u043a\u043e\u0440\u0438\u0447\u043d\u0435\u0432\u044b\u0439 \u043a\u0443\u043f\u0438\u0442\u044c \u0432 \u0421\u0430\u043c\u0430\u0440\u0435",
    "seo_h1": "\u041a\u0438\u0440\u043f\u0438\u0447 \u043e\u0431\u043b\u0438\u0446\u043e\u0432\u043e\u0447\u043d\u044b\u0439 \u0443\u0442\u043e\u043b\u0449\u0435\u043d\u043d\u044b\u0439 \u0412\u0410\u0417 \u041c-150 \u041a\u043e\u0440\u0438\u0447\u043d\u0435\u0432\u044b\u0439",
    "created_at": "2018-07-14T12:05:29.250Z",
    "updated_at": "2019-11-07T20:27:55.456Z"
  }
},
{
  "model": "catalog.productimage",
  "pk": 116,
  "fields": {
    "product": 87,
    "image": "products/images/9f4fa6c386224c7ea0a026e72126266d.png"
  }
},
{
  "model": "catalog.productimage",
  "pk": 117,
  "fields": {
    "product": 88,
    "image": "products/images/e52b0b599e6047c5a33df8fc7a868a8b.png"
  }
},
{
  "model": "catalog.productimage",
  "pk": 500,
  "fields": {
    "product": 477,
    "image": "products/images/fc0714153338472a9f407428213cee7d.png"
  }
},
{
  "model": "catalog.productimage",
  "pk": 504,
  "fields": {
    "product": 481,
    "image": "products/images/74ccd51884934092877dadc81e286a7b.png"
  }
},
{
  "model": "catalog.productimage",
  "pk": 1509,
  "fields": {
    "product": 1586,
    "image": "products/images/f8b9f30e551f442996ebe289ef087417.jpg"
  }
},
{
  "model": "catalog.parameter",
  "pk": 1,
  "fields": {
    "name": "param one",
    "slug": "param-one",
    "data_type": "str",
    "widget": "checkbox",
    "expanded": false
  }
},
{
  "model": "catalog.parameter",
  "pk": 2,
  "fields": {
    "name": "param two",
    "slug": "param-two",
    "data_type": "str",
    "widget": "checkbox",
    "expanded": false
  }
},
{
  "model": "catalog.parameter",
  "pk": 3,
  "fields": {
    "name": "\u0422\u0438\u043f \u0431\u043b\u043e\u043a\u0430",
    "slug": "tip-bloka",
    "data_type": "str",
    "widget": "radio",
    "expanded": false
  }
},
{
  "model": "catalog.parametervalue",
  "pk": 1,
  "fields": {
    "parameter": 1,
    "value_str": "param value one",
    "value_slug": "param-value-one",
    "seo_str": "param value one seo"
  }
},
{
  "model": "catalog.parametervalue",
  "pk": 2,
  "fields": {
    "parameter": 1,
    "value_str": "param value ttow",
    "value_slug": "param-value-ttow",
    "seo_str": "parama value two seo"
  }
},
{
  "model": "catalog.parametervalue",
  "pk": 3,
  "fields": {
    "parameter": 3,
    "value_str": "block type one",
    "value_slug": "block-type-one",
    "seo_str": "block type value seo"
  }
},
{
  "model": "catalog.parametervalue",
  "pk": 4,
  "fields": {
    "parameter": 3,
    "value_str": "block type two",
    "value_slug": "block-type-two",
    "seo_str": "block two value seo"
  }
},
{
  "model": "catalog.parametervalue",
  "pk": 5,
  "fields": {
    "parameter": 3,
    "value_str": "dpsidsoidpsidp",
    "value_slug": "dpsidsoidpsidp",
    "seo_str": null
  }
},
{
  "model": "catalog.uom",
  "pk": 1,
  "fields": {
    "name": "\u043c2",
    "description": null
  }
},
{
  "model": "catalog.uom",
  "pk": 2,
  "fields": {
    "name": "\u043c",
    "description": null
  }
},
{
  "model": "catalog.uom",
  "pk": 3,
  "fields": {
    "name": "\u043b\u0438\u0441\u0442",
    "description": null
  }
},
{
  "model": "catalog.uom",
  "pk": 4,
  "fields": {
    "name": "\u043a\u043e\u0440\u043e\u0431\u043a\u0430",
    "description": null
  }
},
{
  "model": "catalog.uom",
  "pk": 5,
  "fields": {
    "name": "\u043a\u0433",
    "description": null
  }
},
{
  "model": "catalog.uom",
  "pk": 6,
  "fields": {
    "name": "\u0434\u044e\u0439\u043c",
    "description": null
  }
},
{
  "model": "catalog.uom",
  "pk": 7,
  "fields": {
    "name": "\u043a\u0443\u0431",
    "description": null
  }
},
{
  "model": "catalog.uom",
  "pk": 8,
  "fields": {
    "name": "\u0431\u0443\u0445\u0442\u0430",
    "description": null
  }
},
{
  "model": "catalog.pricetype",
  "pk": 1,
  "fields": {
    "name": "\u044d\u043a\u043e\u043d\u043e\u043c",
    "description": null
  }
},
{
  "model": "catalog.pricetype",
  "pk": 2,
  "fields": {
    "name": "\u043d\u043e\u0440\u043c\u0430",
    "description": null
  }
},
{
  "model": "catalog.pricetype",
  "pk": 3,
  "fields": {
    "name": "\u043f\u0440\u0435\u043c\u0438\u0443\u043c",
    "description": null
  }
},
{
  "model": "catalog.stock",
  "pk": 1,
  "fields": {
    "name": "Stock One",
    "address": "\u0420\u043e\u0441\u0441\u0438\u044f, \u0421\u0430\u043c\u0430\u0440\u0430, \u0414\u043e\u043c\u0435\u043d\u043d\u0430\u044f \u0443\u043b\u0438\u0446\u0430, 14",
    "geo_latitude": null,
    "geo_longitude": null
  }
},
{
  "model": "catalog.stock",
  "pk": 2,
  "fields": {
    "name": "Stock Two",
    "address": "\u0420\u043e\u0441\u0441\u0438\u044f, \u0421\u0430\u043c\u0430\u0440\u0430, \u0443\u043b\u0438\u0446\u0430 \u041e\u0441\u0438\u043f\u0435\u043d\u043a\u043e, 34",
    "geo_latitude": null,
    "geo_longitude": null
  }
},
{
  "model": "catalog.stock",
  "pk": 3,
  "fields": {
    "name": "Stock Three",
    "address": "\u0420\u043e\u0441\u0441\u0438\u044f, \u0421\u0430\u043c\u0430\u0440\u0430, \u0427\u0430\u043f\u0430\u0435\u0432\u0441\u043a\u0430\u044f \u0443\u043b\u0438\u0446\u0430, 96\u0410",
    "geo_latitude": null,
    "geo_longitude": null
  }
},
{
  "model": "catalog.productstockavailability",
  "pk": 4809,
  "fields": {
    "product": 87,
    "warehouse": 1,
    "available": 1695
  }
},
{
  "model": "catalog.productstockavailability",
  "pk": 4810,
  "fields": {
    "product": 88,
    "warehouse": 3,
    "available": 1818
  }
},
{
  "model": "catalog.productstockavailability",
  "pk": 5096,
  "fields": {
    "product": 477,
    "warehouse": 2,
    "available": 1833
  }
},
{
  "model": "catalog.productstockavailability",
  "pk": 5100,
  "fields": {
    "product": 481,
    "warehouse": 3,
    "available": 277
  }
},
{
  "model": "catalog.productstockavailability",
  "pk": 5836,
  "fields": {
    "product": 1586,
    "warehouse": 2,
    "available": 164
  }
},
{
  "model": "catalog.productstockavailability",
  "pk": 5837,
  "fields": {
    "product": 1587,
    "warehouse": 3,
    "available": 494
  }
},
{
  "model": "catalog.productavailabilitystatus",
  "pk": 1,
  "fields": {
    "name": "\u043c\u0430\u043b\u043e",
    "range_from": 0,
    "range_to": 10
  }
},
{
  "model": "catalog.productavailabilitystatus",
  "pk": 2,
  "fields": {
    "name": "\u0441\u0440\u0435\u0434\u043d\u0435",
    "range_from": 11,
    "range_to": 100
  }
},
{
  "model": "catalog.productavailabilitystatus",
  "pk": 3,
  "fields": {
    "name": "\u043c\u043d\u043e\u0433\u043e",
    "range_from": 101,
    "range_to": 10000
  }
}
]
